session_key,file_name,subject_id,session_id,n_trials_total,n_trials_kept,n_units_total,n_units_kept,significant_units_q05,positive_mean_delta_units,mean_of_unit_mean_delta_hz,median_of_unit_mean_delta_hz
sub-1_ses-2,sub-1_ses-2_ecephys+image.nwb,1,2,135,135,40,40,0,15,-0.19583333333333333,-0.0555555555555555
sub-10_ses-2,sub-10_ses-2_ecephys+image.nwb,10,2,135,135,28,28,6,15,0.007936507936507927,0.02777777777777775
sub-11_ses-2,sub-11_ses-2_ecephys+image.nwb,11,2,135,135,74,74,14,51,0.11048548548548545,0.17129629629629625
sub-12_ses-2,sub-12_ses-2_ecephys+image.nwb,12,2,135,135,22,22,2,10,0.10185185185185186,-0.0231481481481481
sub-13_ses-2,sub-13_ses-2_ecephys+image.nwb,13,2,135,135,58,58,13,41,0.18039591315453382,0.14814814814814814
sub-14_ses-2,sub-14_ses-2_ecephys+image.nwb,14,2,135,135,65,65,9,40,0.19216524216524217,0.1111111111111111
sub-15_ses-2,sub-15_ses-2_ecephys+image.nwb,15,2,135,135,55,55,1,24,-0.03888888888888888,-0.0185185185185185
sub-16_ses-2,sub-16_ses-2_ecephys+image.nwb,16,2,108,108,33,33,4,20,-0.047348484848484876,0.0578703703703703
sub-17_ses-2,sub-17_ses-2_ecephys+image.nwb,17,2,135,135,13,13,0,5,-0.44159544159544156,-0.0185185185185185
sub-18_ses-2,sub-18_ses-2_ecephys+image.nwb,18,2,135,135,118,118,10,71,-0.08309792843691154,0.0416666666666666
sub-19_ses-2,sub-19_ses-2_ecephys+image.nwb,19,2,108,108,11,11,1,9,0.28093434343434337,0.1041666666666666
sub-2_ses-2,sub-2_ses-2_ecephys+image.nwb,2,2,135,135,32,31,2,15,-0.19802867383512543,-0.0462962962962962
sub-20_ses-2,sub-20_ses-2_ecephys+image.nwb,20,2,135,135,5,5,0,4,0.06481481481481478,0.1018518518518518
sub-21_ses-2,sub-21_ses-2_ecephys+image.nwb,21,2,135,135,20,20,0,11,-0.08472222222222221,0.04166666666666665
sub-3_ses-2,sub-3_ses-2_ecephys+image.nwb,3,2,135,135,28,28,7,14,-0.11706349206349209,0.009259259259259248
sub-4_ses-2,sub-4_ses-2_ecephys+image.nwb,4,2,135,135,76,76,5,34,0.02351364522417155,-0.05092592592592585
sub-5_ses-2,sub-5_ses-2_ecephys+image.nwb,5,2,135,135,50,50,2,26,-0.17203703703703707,0.03240740740740735
sub-6_ses-2,sub-6_ses-2_ecephys+image.nwb,6,2,108,108,35,35,4,15,-0.07407407407407408,-0.0347222222222222
sub-7_ses-2,sub-7_ses-2_ecephys+image.nwb,7,2,108,108,22,22,0,19,0.17255892255892255,0.19097222222222215
sub-8_ses-2,sub-8_ses-2_ecephys+image.nwb,8,2,108,108,74,74,17,46,-0.06381381381381382,0.1273148148148148
sub-9_ses-2,sub-9_ses-2_ecephys+image.nwb,9,2,108,107,43,43,4,29,0.12986307324494675,0.0700934579439252
