session_key,file_name,relative_path,subject_id,session_id,status,reason_code,message,started_at,finished_at,duration_seconds,n_trials_total,n_trials_kept,n_units_total,n_units_kept,significant_units_q05
sub-1_ses-1,sub-1_ses-1_ecephys+image.nwb,raw\all\000469\sub-1\sub-1_ses-1_ecephys+image.nwb,1,1,excluded_incompatible_schema,missing_primary_event_schema,Excluded before numerical analysis; missing required fields: timestamps_FixationCross;timestamps_Encoding1;timestamps_Encoding1_end,2026-09-06T18:04:39+08:00,2026-09-06T18:04:40+08:00,0.157,,,,,
sub-2_ses-1,sub-2_ses-1_ecephys+image.nwb,raw\all\000469\sub-2\sub-2_ses-1_ecephys+image.nwb,2,1,excluded_incompatible_schema,missing_primary_event_schema,Excluded before numerical analysis; missing required fields: timestamps_FixationCross;timestamps_Encoding1;timestamps_Encoding1_end,2026-09-06T18:04:41+08:00,2026-09-06T18:04:41+08:00,0.047,,,,,
sub-3_ses-1,sub-3_ses-1_ecephys+image.nwb,raw\all\000469\sub-3\sub-3_ses-1_ecephys+image.nwb,3,1,excluded_incompatible_schema,missing_primary_event_schema,Excluded before numerical analysis; missing required fields: timestamps_FixationCross;timestamps_Encoding1;timestamps_Encoding1_end,2026-09-06T18:04:42+08:00,2026-09-06T18:04:42+08:00,0.031,,,,,
sub-4_ses-1,sub-4_ses-1_ecephys+image.nwb,raw\all\000469\sub-4\sub-4_ses-1_ecephys+image.nwb,4,1,excluded_incompatible_schema,missing_primary_event_schema,Excluded before numerical analysis; missing required fields: timestamps_FixationCross;timestamps_Encoding1;timestamps_Encoding1_end,2026-09-06T18:04:43+08:00,2026-09-06T18:04:43+08:00,0.032,,,,,
sub-5_ses-1,sub-5_ses-1_ecephys+image.nwb,raw\all\000469\sub-5\sub-5_ses-1_ecephys+image.nwb,5,1,excluded_incompatible_schema,missing_primary_event_schema,Excluded before numerical analysis; missing required fields: timestamps_FixationCross;timestamps_Encoding1;timestamps_Encoding1_end,2026-09-06T18:04:45+08:00,2026-09-06T18:04:45+08:00,0.047,,,,,
sub-6_ses-1,sub-6_ses-1_ecephys+image.nwb,raw\all\000469\sub-6\sub-6_ses-1_ecephys+image.nwb,6,1,excluded_incompatible_schema,missing_primary_event_schema,Excluded before numerical analysis; missing required fields: timestamps_FixationCross;timestamps_Encoding1;timestamps_Encoding1_end,2026-09-06T18:04:47+08:00,2026-09-06T18:04:47+08:00,0.047,,,,,
sub-7_ses-1,sub-7_ses-1_ecephys+image.nwb,raw\all\000469\sub-7\sub-7_ses-1_ecephys+image.nwb,7,1,excluded_incompatible_schema,missing_primary_event_schema,Excluded before numerical analysis; missing required fields: timestamps_FixationCross;timestamps_Encoding1;timestamps_Encoding1_end,2026-09-06T18:04:48+08:00,2026-09-06T18:04:48+08:00,0.031,,,,,
sub-8_ses-1,sub-8_ses-1_ecephys+image.nwb,raw\all\000469\sub-8\sub-8_ses-1_ecephys+image.nwb,8,1,excluded_incompatible_schema,missing_primary_event_schema,Excluded before numerical analysis; missing required fields: timestamps_FixationCross;timestamps_Encoding1;timestamps_Encoding1_end,2026-09-06T18:04:48+08:00,2026-09-06T18:04:48+08:00,0.031,,,,,
sub-9_ses-1,sub-9_ses-1_ecephys+image.nwb,raw\all\000469\sub-9\sub-9_ses-1_ecephys+image.nwb,9,1,excluded_incompatible_schema,missing_primary_event_schema,Excluded before numerical analysis; missing required fields: timestamps_FixationCross;timestamps_Encoding1;timestamps_Encoding1_end,2026-09-06T18:04:50+08:00,2026-09-06T18:04:50+08:00,0.031,,,,,
sub-10_ses-1,sub-10_ses-1_ecephys+image.nwb,raw\all\000469\sub-10\sub-10_ses-1_ecephys+image.nwb,10,1,excluded_incompatible_schema,missing_primary_event_schema,Excluded before numerical analysis; missing required fields: timestamps_FixationCross;timestamps_Encoding1;timestamps_Encoding1_end,2026-09-06T18:04:51+08:00,2026-09-06T18:04:51+08:00,0.031,,,,,
sub-11_ses-1,sub-11_ses-1_ecephys+image.nwb,raw\all\000469\sub-11\sub-11_ses-1_ecephys+image.nwb,11,1,excluded_incompatible_schema,missing_primary_event_schema,Excluded before numerical analysis; missing required fields: timestamps_FixationCross;timestamps_Encoding1;timestamps_Encoding1_end,2026-09-06T18:04:52+08:00,2026-09-06T18:04:52+08:00,0.047,,,,,
sub-12_ses-1,sub-12_ses-1_ecephys+image.nwb,raw\all\000469\sub-12\sub-12_ses-1_ecephys+image.nwb,12,1,excluded_incompatible_schema,missing_primary_event_schema,Excluded before numerical analysis; missing required fields: timestamps_FixationCross;timestamps_Encoding1;timestamps_Encoding1_end,2026-09-06T18:04:55+08:00,2026-09-06T18:04:55+08:00,0.047,,,,,
sub-13_ses-1,sub-13_ses-1_ecephys+image.nwb,raw\all\000469\sub-13\sub-13_ses-1_ecephys+image.nwb,13,1,excluded_incompatible_schema,missing_primary_event_schema,Excluded before numerical analysis; missing required fields: timestamps_FixationCross;timestamps_Encoding1;timestamps_Encoding1_end,2026-09-06T18:04:56+08:00,2026-09-06T18:04:56+08:00,0.031,,,,,
sub-14_ses-1,sub-14_ses-1_ecephys+image.nwb,raw\all\000469\sub-14\sub-14_ses-1_ecephys+image.nwb,14,1,excluded_incompatible_schema,missing_primary_event_schema,Excluded before numerical analysis; missing required fields: timestamps_FixationCross;timestamps_Encoding1;timestamps_Encoding1_end,2026-09-06T18:04:57+08:00,2026-09-06T18:04:57+08:00,0.047,,,,,
sub-15_ses-1,sub-15_ses-1_ecephys+image.nwb,raw\all\000469\sub-15\sub-15_ses-1_ecephys+image.nwb,15,1,excluded_incompatible_schema,missing_primary_event_schema,Excluded before numerical analysis; missing required fields: timestamps_FixationCross;timestamps_Encoding1;timestamps_Encoding1_end,2026-09-06T18:04:59+08:00,2026-09-06T18:04:59+08:00,0.031,,,,,
sub-16_ses-1,sub-16_ses-1_ecephys+image.nwb,raw\all\000469\sub-16\sub-16_ses-1_ecephys+image.nwb,16,1,excluded_incompatible_schema,missing_primary_event_schema,Excluded before numerical analysis; missing required fields: timestamps_FixationCross;timestamps_Encoding1;timestamps_Encoding1_end,2026-09-06T18:05:01+08:00,2026-09-06T18:05:01+08:00,0.047,,,,,
sub-17_ses-1,sub-17_ses-1_ecephys+image.nwb,raw\all\000469\sub-17\sub-17_ses-1_ecephys+image.nwb,17,1,excluded_incompatible_schema,missing_primary_event_schema,Excluded before numerical analysis; missing required fields: timestamps_FixationCross;timestamps_Encoding1;timestamps_Encoding1_end,2026-09-06T18:05:02+08:00,2026-09-06T18:05:02+08:00,0.047,,,,,
sub-18_ses-1,sub-18_ses-1_ecephys+image.nwb,raw\all\000469\sub-18\sub-18_ses-1_ecephys+image.nwb,18,1,excluded_incompatible_schema,missing_primary_event_schema,Excluded before numerical analysis; missing required fields: timestamps_FixationCross;timestamps_Encoding1;timestamps_Encoding1_end,2026-09-06T18:05:03+08:00,2026-09-06T18:05:03+08:00,0.032,,,,,
sub-20_ses-1,sub-20_ses-1_ecephys+image.nwb,raw\all\000469\sub-20\sub-20_ses-1_ecephys+image.nwb,20,1,excluded_incompatible_schema,missing_primary_event_schema,Excluded before numerical analysis; missing required fields: timestamps_FixationCross;timestamps_Encoding1;timestamps_Encoding1_end,2026-09-06T18:05:06+08:00,2026-09-06T18:05:06+08:00,0.031,,,,,
sub-21_ses-1,sub-21_ses-1_ecephys+image.nwb,raw\all\000469\sub-21\sub-21_ses-1_ecephys+image.nwb,21,1,excluded_incompatible_schema,missing_primary_event_schema,Excluded before numerical analysis; missing required fields: timestamps_FixationCross;timestamps_Encoding1;timestamps_Encoding1_end,2026-09-06T18:05:06+08:00,2026-09-06T18:05:07+08:00,0.047,,,,,
