file_name,relative_path,subject_id,session_id,file_size_bytes,sha256,nwb_identifier,session_start_time,n_trials,n_units,n_electrodes,has_timestamps_FixationCross,has_timestamps_Encoding1,has_timestamps_Encoding1_end,has_units_spike_times,has_units_electrodes,has_electrodes_location,missing_primary_columns,primary_schema_compatible
sub-1_ses-1_ecephys+image.nwb,raw\all\000469\sub-1\sub-1_ses-1_ecephys+image.nwb,1,1,201240176,a0bdea3a5ad93b0771c48241b1ecee8a325b68aefc92bca7a38fd162c2bd468c,SCID_1_P42CS,2016-01-01 00:00:00-08:00,378,40,18,False,False,False,True,True,True,timestamps_FixationCross;timestamps_Encoding1;timestamps_Encoding1_end,False
sub-1_ses-2_ecephys+image.nwb,raw\all\000469\sub-1\sub-1_ses-2_ecephys+image.nwb,1,2,221906568,1404f4fae672cf0ea12c9a269d328916b96bf97235e5ba198fa0db9dafcbce25,SBID_1_P42CS,2016-01-01 00:00:00-08:00,135,40,22,True,True,True,True,True,True,,True
sub-10_ses-1_ecephys+image.nwb,raw\all\000469\sub-10\sub-10_ses-1_ecephys+image.nwb,10,1,359151664,b48d707c478eead4a0c986cccef69a16a46e2b8d8d888e61caadf62fcbad6e27,SCID_10_P35CS,2014-01-01 00:00:00-08:00,378,74,39,False,False,False,True,True,True,timestamps_FixationCross;timestamps_Encoding1;timestamps_Encoding1_end,False
sub-10_ses-2_ecephys+image.nwb,raw\all\000469\sub-10\sub-10_ses-2_ecephys+image.nwb,10,2,264088224,5800ad0de40f3eb2fe732f20b69bde32e993177b507acafc587e493b6bf636cb,SBID_10_P35CS,2014-01-01 00:00:00-08:00,135,28,15,True,True,True,True,True,True,,True
sub-11_ses-1_ecephys+image.nwb,raw\all\000469\sub-11\sub-11_ses-1_ecephys+image.nwb,11,1,523006664,473d02741f09a660a7fd9a7e81113496020b08d9f125699092132373f0f7efe0,SCID_11_P36CS,2015-01-01 00:00:00-08:00,378,94,45,False,False,False,True,True,True,timestamps_FixationCross;timestamps_Encoding1;timestamps_Encoding1_end,False
sub-11_ses-2_ecephys+image.nwb,raw\all\000469\sub-11\sub-11_ses-2_ecephys+image.nwb,11,2,615628696,5ee710a5921ce3aabf816aabc6f720bbe4db5cc7a0516cabe4af432aa7626530,SBID_11_P36CS,2015-01-01 00:00:00-08:00,135,74,30,True,True,True,True,True,True,,True
sub-12_ses-1_ecephys+image.nwb,raw\all\000469\sub-12\sub-12_ses-1_ecephys+image.nwb,12,1,71553336,03a7b3883cdbe23b95767e4b8c75847b2c3d91edd4bcd6804e57590be0e8bade,SCID_12_P37CS,2015-01-01 00:00:00-08:00,378,18,10,False,False,False,True,True,True,timestamps_FixationCross;timestamps_Encoding1;timestamps_Encoding1_end,False
sub-12_ses-2_ecephys+image.nwb,raw\all\000469\sub-12\sub-12_ses-2_ecephys+image.nwb,12,2,124567248,73b454cbafea344e70f45e10acdaf8cf9eb4d2ee71849774601bb4d1b4bede41,SBID_12_P37CS,2015-01-01 00:00:00-08:00,135,22,10,True,True,True,True,True,True,,True
sub-13_ses-1_ecephys+image.nwb,raw\all\000469\sub-13\sub-13_ses-1_ecephys+image.nwb,13,1,323444768,e32f16ddb2dd98d2fe94ae6ce47135404df42e117c14dff2120cfe2597baf8df,SCID_13_P39CS,2015-01-01 00:00:00-08:00,378,103,48,False,False,False,True,True,True,timestamps_FixationCross;timestamps_Encoding1;timestamps_Encoding1_end,False
sub-13_ses-2_ecephys+image.nwb,raw\all\000469\sub-13\sub-13_ses-2_ecephys+image.nwb,13,2,263191880,44428354286d96d4e1801bda4e101e0167fe41c13af460ab21eaac93cb67a8cd,SBID_13_P39CS,2015-01-01 00:00:00-08:00,135,58,33,True,True,True,True,True,True,,True
sub-14_ses-1_ecephys+image.nwb,raw\all\000469\sub-14\sub-14_ses-1_ecephys+image.nwb,14,1,298784488,68b9ec736944a3c6ed75548d743fc3ffdd61d57330d1729d60a194b10d755971,SCID_14_P39CS_2,2015-01-01 00:00:00-08:00,378,73,34,False,False,False,True,True,True,timestamps_FixationCross;timestamps_Encoding1;timestamps_Encoding1_end,False
sub-14_ses-2_ecephys+image.nwb,raw\all\000469\sub-14\sub-14_ses-2_ecephys+image.nwb,14,2,332059624,13d1e943db3f34b775557a7e5105c222836507c97f2d357c5b4434054286b208,SBID_14_P39CS_2,2015-01-01 00:00:00-08:00,135,65,34,True,True,True,True,True,True,,True
sub-15_ses-1_ecephys+image.nwb,raw\all\000469\sub-15\sub-15_ses-1_ecephys+image.nwb,15,1,262797288,5844aec9a56722f278e19d894283d30cad40d7d40111bd0c17dfad33714e61f6,SCID_15_P40CS,2016-01-01 00:00:00-08:00,378,32,20,False,False,False,True,True,True,timestamps_FixationCross;timestamps_Encoding1;timestamps_Encoding1_end,False
sub-15_ses-2_ecephys+image.nwb,raw\all\000469\sub-15\sub-15_ses-2_ecephys+image.nwb,15,2,461967400,c40f0da571fb617313407dcf8772e82b18e6bfe227d0275b19578c7f89ae73aa,SBID_15_P40CS,2016-01-01 00:00:00-08:00,135,55,27,True,True,True,True,True,True,,True
sub-16_ses-1_ecephys+image.nwb,raw\all\000469\sub-16\sub-16_ses-1_ecephys+image.nwb,16,1,166473608,c240eb545385b28b348ea6ca61f44fcffbbb504a1713c29667a7cde3526819c5,SCID_16_P48HMH,2014-01-01 00:00:00-08:00,324,34,20,False,False,False,True,True,True,timestamps_FixationCross;timestamps_Encoding1;timestamps_Encoding1_end,False
sub-16_ses-2_ecephys+image.nwb,raw\all\000469\sub-16\sub-16_ses-2_ecephys+image.nwb,16,2,364952192,1873011b3b38cc2c3221cdbce7d570d6fc196f65971b9905ada8cab332bffef8,SBID_16_P48HMH,2014-01-01 00:00:00-08:00,108,33,17,True,True,True,True,True,True,,True
sub-17_ses-1_ecephys+image.nwb,raw\all\000469\sub-17\sub-17_ses-1_ecephys+image.nwb,17,1,47345824,9789788d0a2b27b5fb4b1f82e20d121073e7467442ff6602420cd8e5aa080d6a,SCID_17_P49HMH,2015-01-01 00:00:00-08:00,378,8,5,False,False,False,True,True,True,timestamps_FixationCross;timestamps_Encoding1;timestamps_Encoding1_end,False
sub-17_ses-2_ecephys+image.nwb,raw\all\000469\sub-17\sub-17_ses-2_ecephys+image.nwb,17,2,100155416,d10a9f35bdb32b564fd0316e68886489ce42e149b1d65d6ed1d93ec466b25867,SBID_17_P49HMH,2015-01-01 00:00:00-08:00,135,13,8,True,True,True,True,True,True,,True
sub-18_ses-1_ecephys+image.nwb,raw\all\000469\sub-18\sub-18_ses-1_ecephys+image.nwb,18,1,230621736,80bb2f48622e2450f585c2d34ac227268dc00c21da79181510d59fe272a857f5,SCID_18_P51HMH,2016-01-01 00:00:00-08:00,378,53,27,False,False,False,True,True,True,timestamps_FixationCross;timestamps_Encoding1;timestamps_Encoding1_end,False
sub-18_ses-2_ecephys+image.nwb,raw\all\000469\sub-18\sub-18_ses-2_ecephys+image.nwb,18,2,365508952,892cc1538900f7e2111a93746df21daf5b92c3a05cac7030ad72bc4fb6a31179,SBID_18_P51HMH,2016-01-01 00:00:00-08:00,135,118,43,True,True,True,True,True,True,,True
sub-19_ses-2_ecephys+image.nwb,raw\all\000469\sub-19\sub-19_ses-2_ecephys+image.nwb,19,2,27268224,9e3d53e94aa7d3b9486c971d320822f1f3d896ad7c7b339595b9db5e81d22356,SBID_19_P47HMH,2014-01-01 00:00:00-08:00,108,11,4,True,True,True,True,True,True,,True
sub-2_ses-1_ecephys+image.nwb,raw\all\000469\sub-2\sub-2_ses-1_ecephys+image.nwb,2,1,213931648,68c54a0329751d79cd1eff29d85ef1fb936ee8cac701410f78c9c8134871b3a7,SCID_2_P43CS,2016-01-01 00:00:00-08:00,378,22,14,False,False,False,True,True,True,timestamps_FixationCross;timestamps_Encoding1;timestamps_Encoding1_end,False
sub-2_ses-2_ecephys+image.nwb,raw\all\000469\sub-2\sub-2_ses-2_ecephys+image.nwb,2,2,342954064,68ebec17318c8ed82c42cc35a0f6e3c0cef5bb7c26482cd9b965f9d500cb990a,SBID_2_P43CS,2016-01-01 00:00:00-08:00,135,32,15,True,True,True,True,True,True,,True
sub-20_ses-1_ecephys+image.nwb,raw\all\000469\sub-20\sub-20_ses-1_ecephys+image.nwb,20,1,33147864,f3ab1aed7125c222afdf9c176d2868452490895b6d521cf8d2138bee5681420a,SCID_20_P49CS,2017-01-01 00:00:00-08:00,378,7,6,False,False,False,True,True,True,timestamps_FixationCross;timestamps_Encoding1;timestamps_Encoding1_end,False
sub-20_ses-2_ecephys+image.nwb,raw\all\000469\sub-20\sub-20_ses-2_ecephys+image.nwb,20,2,25582000,311de59768282dfe9bb7df249abf0e1efb5383981c6fe93d5760a32da9fe6270,SBID_20_P49CS,2017-01-01 00:00:00-08:00,135,5,5,True,True,True,True,True,True,,True
sub-21_ses-1_ecephys+image.nwb,raw\all\000469\sub-21\sub-21_ses-1_ecephys+image.nwb,21,1,75080400,9ccb896c768adea6171a81d51c5bfaceb28a5fe2324b720dea996caaf815eec7,SCID_21_P51CS,2017-01-01 00:00:00-08:00,378,18,15,False,False,False,True,True,True,timestamps_FixationCross;timestamps_Encoding1;timestamps_Encoding1_end,False
sub-21_ses-2_ecephys+image.nwb,raw\all\000469\sub-21\sub-21_ses-2_ecephys+image.nwb,21,2,99038648,57695a90a7d70ee4cf793a1fa58c0102dfa34ac3ee6436311e1f5a9ced21e56a,SBID_21_P51CS,2017-01-01 00:00:00-08:00,135,20,15,True,True,True,True,True,True,,True
sub-3_ses-1_ecephys+image.nwb,raw\all\000469\sub-3\sub-3_ses-1_ecephys+image.nwb,3,1,227851472,5a5bf64925b6b5886813a68dfd86d1622fbd98833cab1536963736e24d3ee5b7,SCID_3_P44CS,2016-01-01 00:00:00-08:00,378,40,19,False,False,False,True,True,True,timestamps_FixationCross;timestamps_Encoding1;timestamps_Encoding1_end,False
sub-3_ses-2_ecephys+image.nwb,raw\all\000469\sub-3\sub-3_ses-2_ecephys+image.nwb,3,2,228744632,fa225d878439fa4eced36fc04dcb177bbcdd7ee230a8b9934f03a0c07890caac,SBID_3_P44CS,2016-01-01 00:00:00-08:00,135,28,16,True,True,True,True,True,True,,True
sub-4_ses-1_ecephys+image.nwb,raw\all\000469\sub-4\sub-4_ses-1_ecephys+image.nwb,4,1,276630680,dfbc8d9d89a3738c1d594b8d1b719b5d3b12550bff4a622eb65c04f4ebf2e998,SCID_4_P47CS,2017-01-01 00:00:00-08:00,378,63,27,False,False,False,True,True,True,timestamps_FixationCross;timestamps_Encoding1;timestamps_Encoding1_end,False
sub-4_ses-2_ecephys+image.nwb,raw\all\000469\sub-4\sub-4_ses-2_ecephys+image.nwb,4,2,538972688,9e6867d13981b4c039b5d93c8fce0661696d86ba36ba7a87877233f53a4bbbfd,SBID_4_P47CS,2017-01-01 00:00:00-08:00,135,76,38,True,True,True,True,True,True,,True
sub-5_ses-1_ecephys+image.nwb,raw\all\000469\sub-5\sub-5_ses-1_ecephys+image.nwb,5,1,258721152,8a7907cc969cebe31753333167b8688fcf4187c66097a12c49853503101634b9,SCID_5_P48CS,2017-01-01 00:00:00-08:00,378,36,26,False,False,False,True,True,True,timestamps_FixationCross;timestamps_Encoding1;timestamps_Encoding1_end,False
sub-5_ses-2_ecephys+image.nwb,raw\all\000469\sub-5\sub-5_ses-2_ecephys+image.nwb,5,2,383474360,808f6cb5c88309f91cd4b59be8dad04b1bd386a26b1cd4f880dd10fbed247697,SBID_5_P48CS,2017-01-01 00:00:00-08:00,135,50,27,True,True,True,True,True,True,,True
sub-6_ses-1_ecephys+image.nwb,raw\all\000469\sub-6\sub-6_ses-1_ecephys+image.nwb,6,1,132778728,d08169b84615eaf85958c4b83d4eec6c3b56debab085a82aabc5f3a5980b9726,SCID_6_P31CS,2014-01-01 00:00:00-08:00,324,28,16,False,False,False,True,True,True,timestamps_FixationCross;timestamps_Encoding1;timestamps_Encoding1_end,False
sub-6_ses-2_ecephys+image.nwb,raw\all\000469\sub-6\sub-6_ses-2_ecephys+image.nwb,6,2,128838128,bbfa34d6c0a858f2d11f30e2950e0c9130948485daa2812a346c40e0364eeb7c,SBID_6_P31CS,2014-01-01 00:00:00-08:00,108,35,13,True,True,True,True,True,True,,True
sub-7_ses-1_ecephys+image.nwb,raw\all\000469\sub-7\sub-7_ses-1_ecephys+image.nwb,7,1,118756904,b3f76382d372886b9624a9655d70d5ed105da03d0eec8d16b1e7a89d59b88dde,SCID_7_P32CS,2014-01-01 00:00:00-08:00,324,34,16,False,False,False,True,True,True,timestamps_FixationCross;timestamps_Encoding1;timestamps_Encoding1_end,False
sub-7_ses-2_ecephys+image.nwb,raw\all\000469\sub-7\sub-7_ses-2_ecephys+image.nwb,7,2,61340496,ca301e35b97316a4086f6ea2de92d9591281e68b7e66003f074dc21a3e0b952f,SBID_7_P32CS,2014-01-01 00:00:00-08:00,108,22,11,True,True,True,True,True,True,,True
sub-8_ses-1_ecephys+image.nwb,raw\all\000469\sub-8\sub-8_ses-1_ecephys+image.nwb,8,1,267150308,8b3609db4d967426e1ed68d05ead98f4ac96c89316888f25e9df36bdac74408e,SCID_8_P33CS,2014-01-01 00:00:00-08:00,324,77,34,False,False,False,True,True,True,timestamps_FixationCross;timestamps_Encoding1;timestamps_Encoding1_end,False
sub-8_ses-2_ecephys+image.nwb,raw\all\000469\sub-8\sub-8_ses-2_ecephys+image.nwb,8,2,515637496,11905c53f73dcc7de883ec9bd8cd43b47dd5d2f5ce6c4832ac963989638f801c,SBID_8_P33CS,2014-01-01 00:00:00-08:00,108,74,34,True,True,True,True,True,True,,True
sub-9_ses-1_ecephys+image.nwb,raw\all\000469\sub-9\sub-9_ses-1_ecephys+image.nwb,9,1,129708416,aa33e3deae255d466e55fcbad09dfe3c8a2e2d612cdc58055422304a6a342e13,SCID_9_P34CS,2014-01-01 00:00:00-08:00,324,53,23,False,False,False,True,True,True,timestamps_FixationCross;timestamps_Encoding1;timestamps_Encoding1_end,False
sub-9_ses-2_ecephys+image.nwb,raw\all\000469\sub-9\sub-9_ses-2_ecephys+image.nwb,9,2,104506192,9184e8db4878f76ef61380b959e022b53a5f8c52084350744175bd0fd4770be0,SBID_9_P34CS,2014-01-01 00:00:00-08:00,108,43,23,True,True,True,True,True,True,,True
