subject_id,sessions_analyzed,trials_kept,units_kept,significant_units_q05,mean_of_session_effects_hz
1,1,135,40,0,-0.19583333333333333
10,1,135,28,6,0.007936507936507927
11,1,135,74,14,0.11048548548548545
12,1,135,22,2,0.10185185185185186
13,1,135,58,13,0.18039591315453382
14,1,135,65,9,0.19216524216524217
15,1,135,55,1,-0.03888888888888888
16,1,108,33,4,-0.047348484848484876
17,1,135,13,0,-0.44159544159544156
18,1,135,118,10,-0.08309792843691154
19,1,108,11,1,0.28093434343434337
2,1,135,31,2,-0.19802867383512543
20,1,135,5,0,0.06481481481481478
21,1,135,20,0,-0.08472222222222221
3,1,135,28,7,-0.11706349206349209
4,1,135,76,5,0.02351364522417155
5,1,135,50,2,-0.17203703703703707
6,1,108,35,4,-0.07407407407407408
7,1,108,22,0,0.17255892255892255
8,1,108,74,17,-0.06381381381381382
9,1,107,43,4,0.12986307324494675
