file_name,subject_id,session_id,unit_id,n_trials,mean_delta_hz,permutation_p,median_delta_hz,ci95_lower_hz,ci95_upper_hz,trials_above,trials_tie,common_language_prob,fdr_q,significant_q05
sub-11_ses-2_ecephys+image.nwb,11,2,0,135,-0.0185185185185185,0.6373362663733627,0.0,-0.1666666666666666,0.1388888888888889,18,99,0.5,0.8575069765750699,False
sub-11_ses-2_ecephys+image.nwb,11,2,1,135,0.4814814814814814,0.0032996700329967,0.0,0.1388888888888889,0.8148148148148148,61,52,0.6444444444444445,0.0271306202713062,True
sub-11_ses-2_ecephys+image.nwb,11,2,2,135,0.8055555555555556,9.999000099990002e-05,0.0,0.4629629629629629,1.1851851851851851,59,54,0.6370370370370371,0.0018498150184981,True
sub-11_ses-2_ecephys+image.nwb,11,2,3,135,-0.2407407407407407,0.93000699930007,0.0,-0.5740740740740741,0.0833333333333333,38,42,0.437037037037037,1.0,False
sub-11_ses-2_ecephys+image.nwb,11,2,4,135,-0.2407407407407407,0.8614138586141386,0.0,-0.6944444444444444,0.2037037037037037,51,31,0.4925925925925926,1.0,False
sub-11_ses-2_ecephys+image.nwb,11,2,5,135,-0.5833333333333334,0.9984001599840016,0.0,-0.981712962962963,-0.1851851851851851,39,31,0.4037037037037037,1.0,False
sub-11_ses-2_ecephys+image.nwb,11,2,6,135,0.4629629629629629,0.1602839716028397,1.25,-0.4259259259259259,1.3333333333333333,71,6,0.5481481481481482,0.3121319447002668,False
sub-11_ses-2_ecephys+image.nwb,11,2,7,135,1.6203703703703705,9.999000099990002e-05,1.25,1.0925925925925926,2.1481481481481484,78,28,0.6814814814814815,0.0018498150184981,True
sub-11_ses-2_ecephys+image.nwb,11,2,8,135,0.0833333333333333,0.1961803819618038,0.0,-0.0833333333333333,0.25,35,73,0.5296296296296297,0.3456511491707972,False
sub-11_ses-2_ecephys+image.nwb,11,2,9,135,-0.3425925925925926,0.9883011698830118,0.0,-0.6574074074074074,-0.037037037037037,36,42,0.4222222222222222,1.0,False
sub-11_ses-2_ecephys+image.nwb,11,2,10,135,-0.7222222222222222,0.9374062593740626,0.0,-1.6851851851851851,0.2129629629629629,59,12,0.4814814814814814,1.0,False
sub-11_ses-2_ecephys+image.nwb,11,2,11,135,0.1574074074074074,0.1672832716728327,0.0,-0.1391203703703703,0.4537037037037037,52,41,0.5370370370370371,0.3174092847125544,False
sub-11_ses-2_ecephys+image.nwb,11,2,12,135,-2.611111111111111,1.0,-2.5,-3.388888888888889,-1.8423611111111144,22,16,0.2222222222222222,1.0,False
sub-11_ses-2_ecephys+image.nwb,11,2,13,135,-0.3055555555555556,0.9883011698830118,0.0,-0.5740740740740741,-0.037037037037037,31,50,0.4148148148148148,1.0,False
sub-11_ses-2_ecephys+image.nwb,11,2,14,135,-0.2222222222222222,0.9924007599240076,0.0,-0.4074074074074074,-0.0182870370370404,5,106,0.4296296296296296,1.0,False
sub-11_ses-2_ecephys+image.nwb,11,2,15,135,-0.2777777777777778,0.7118288171182882,0.0,-1.2592592592592593,0.6666666666666666,58,10,0.4666666666666667,0.9241286397676022,False
sub-11_ses-2_ecephys+image.nwb,11,2,16,135,1.1296296296296295,9.999000099990002e-05,1.25,0.6851851851851852,1.5925925925925926,78,19,0.6481481481481481,0.0018498150184981,True
sub-11_ses-2_ecephys+image.nwb,11,2,17,135,-1.4537037037037035,1.0,-1.25,-2.074074074074074,-0.8240740740740741,31,21,0.3074074074074074,1.0,False
sub-11_ses-2_ecephys+image.nwb,11,2,18,135,-0.8981481481481481,1.0,-1.25,-1.305787037037037,-0.4722222222222222,35,28,0.362962962962963,1.0,False
sub-11_ses-2_ecephys+image.nwb,11,2,19,135,-1.2222222222222223,0.999900009999,-1.25,-1.787037037037037,-0.6574074074074074,33,25,0.337037037037037,1.0,False
sub-11_ses-2_ecephys+image.nwb,11,2,20,135,0.2407407407407407,0.1893810618938106,0.0,-0.2777777777777778,0.7407407407407407,63,24,0.5555555555555556,0.3418097214668777,False
sub-11_ses-2_ecephys+image.nwb,11,2,21,135,0.3703703703703703,0.0504949505049495,0.0,-0.0462962962962962,0.7962962962962963,59,28,0.5407407407407407,0.1494650534946505,False
sub-11_ses-2_ecephys+image.nwb,11,2,22,135,0.3333333333333333,0.0077992200779922,0.0,0.0648148148148148,0.5925925925925926,45,61,0.5592592592592592,0.041224448983673,True
sub-11_ses-2_ecephys+image.nwb,11,2,23,135,0.2037037037037037,0.0367963203679632,0.0,-0.0092592592592592,0.4166666666666667,41,64,0.5407407407407407,0.1257874212578742,False
sub-11_ses-2_ecephys+image.nwb,11,2,24,135,-0.0277777777777777,0.5687431256874312,0.0,-0.4537037037037037,0.3888888888888889,52,28,0.4888888888888889,0.8093652173244213,False
sub-11_ses-2_ecephys+image.nwb,11,2,25,135,-0.1203703703703703,0.9874012598740126,0.0,-0.2407407407407407,-0.0092592592592592,11,103,0.4629629629629629,1.0,False
sub-11_ses-2_ecephys+image.nwb,11,2,26,135,0.6203703703703703,0.0373962603739626,0.0,-0.0462962962962962,1.287268518518515,63,27,0.5666666666666667,0.1257874212578742,False
sub-11_ses-2_ecephys+image.nwb,11,2,27,135,0.1666666666666666,0.0457954204579542,0.0,-0.0092592592592592,0.3518518518518518,30,89,0.5518518518518518,0.1412025464120254,False
sub-11_ses-2_ecephys+image.nwb,11,2,28,135,-0.1018518518518518,0.8005199480051994,0.0,-0.3611111111111111,0.1574074074074074,22,80,0.4592592592592592,1.0,False
sub-11_ses-2_ecephys+image.nwb,11,2,29,135,1.101851851851852,0.0021997800219978,1.25,0.3981481481481481,1.851851851851852,72,23,0.6185185185185185,0.0203479652034796,True
sub-11_ses-2_ecephys+image.nwb,11,2,30,135,0.2407407407407407,0.2381761823817618,0.0,-0.3703703703703703,0.85208333333333,65,20,0.5555555555555556,0.4098845929360553,False
sub-11_ses-2_ecephys+image.nwb,11,2,31,135,0.2037037037037037,0.0046995300469953,0.0,0.0648148148148148,0.3703703703703703,23,102,0.5481481481481482,0.0347765223477652,True
sub-11_ses-2_ecephys+image.nwb,11,2,32,135,0.074074074074074,0.2811718828117188,0.0,-0.1388888888888889,0.287037037037037,16,105,0.5074074074074074,0.4728799847287998,False
sub-11_ses-2_ecephys+image.nwb,11,2,33,135,0.0185185185185185,0.4523547645235476,0.0,-0.1481481481481481,0.1944444444444444,19,94,0.4888888888888889,0.6694850514948506,False
sub-11_ses-2_ecephys+image.nwb,11,2,34,135,0.0462962962962962,0.3656634336566343,0.0,-0.1574074074074074,0.2685185185185185,23,88,0.4962962962962963,0.55222641001206,False
sub-11_ses-2_ecephys+image.nwb,11,2,35,135,0.0092592592592592,0.4971502849715029,0.0,-0.1203703703703703,0.1388888888888889,10,115,0.5,0.7213553154488473,False
sub-11_ses-2_ecephys+image.nwb,11,2,36,135,0.5370370370370371,0.0002999700029997,0.0,0.2407407407407407,0.8518518518518519,37,76,0.5555555555555556,0.0044395560443955,True
sub-11_ses-2_ecephys+image.nwb,11,2,37,135,-0.0833333333333333,0.8306169383061693,0.0,-0.2685185185185185,0.0925925925925925,19,89,0.4703703703703704,1.0,False
sub-11_ses-2_ecephys+image.nwb,11,2,38,135,0.4166666666666667,0.0403959604039596,0.0,-0.0277777777777777,0.8796296296296297,48,49,0.5370370370370371,0.1299696117344787,False
sub-11_ses-2_ecephys+image.nwb,11,2,39,135,0.3703703703703703,0.081991800819918,0.0,-0.1388888888888889,0.8518518518518519,54,39,0.5444444444444444,0.1957223632475462,False
sub-11_ses-2_ecephys+image.nwb,11,2,40,135,0.4166666666666667,0.0167983201679832,0.0,0.0555555555555555,0.7872685185185152,41,65,0.5444444444444444,0.0731220995547504,False
sub-11_ses-2_ecephys+image.nwb,11,2,41,135,0.1203703703703703,0.0684931506849315,0.0,-0.0185185185185185,0.2685185185185185,13,113,0.5148148148148148,0.1820746496778893,False
sub-11_ses-2_ecephys+image.nwb,11,2,42,135,0.0925925925925925,0.0912908709129087,0.0,-0.0277777777777777,0.2129629629629629,23,98,0.5333333333333333,0.1993447714052124,False
sub-11_ses-2_ecephys+image.nwb,11,2,43,135,0.7129629629629629,0.0061993800619938,0.0,0.1759259259259259,1.25,65,38,0.6222222222222222,0.0382295103822951,True
sub-11_ses-2_ecephys+image.nwb,11,2,44,135,0.287037037037037,0.0915908409159084,0.0,-0.1203703703703703,0.7037037037037037,47,47,0.5222222222222223,0.1993447714052124,False
sub-11_ses-2_ecephys+image.nwb,11,2,45,135,0.1759259259259259,0.0763923607639236,0.0,-0.0462962962962962,0.4074074074074074,45,60,0.5555555555555556,0.1949322309148395,False
sub-11_ses-2_ecephys+image.nwb,11,2,46,135,0.1851851851851851,0.0688931106889311,0.0,-0.0555555555555555,0.4166666666666667,50,49,0.5518518518518518,0.1820746496778893,False
sub-11_ses-2_ecephys+image.nwb,11,2,47,135,0.1296296296296296,0.0325967403259674,0.0,0.0092592592592592,0.2592592592592592,25,97,0.5444444444444444,0.1206079392060793,False
sub-11_ses-2_ecephys+image.nwb,11,2,48,135,0.4537037037037037,0.0053994600539946,0.0,0.1111111111111111,0.7870370370370371,62,34,0.5851851851851851,0.0363236403632364,True
sub-11_ses-2_ecephys+image.nwb,11,2,49,135,0.4629629629629629,0.0007999200079992,0.0,0.2037037037037037,0.7129629629629629,56,56,0.6222222222222222,0.0098656800986568,True
sub-11_ses-2_ecephys+image.nwb,11,2,50,135,0.4444444444444444,0.0104989501049895,0.0,0.0648148148148148,0.7962962962962963,62,40,0.6074074074074074,0.0517948205179482,False
sub-11_ses-2_ecephys+image.nwb,11,2,51,135,0.5555555555555556,0.0208979102089791,0.0,0.037037037037037,1.0648148148148149,61,31,0.5666666666666667,0.0859136308591363,False
sub-11_ses-2_ecephys+image.nwb,11,2,52,135,0.2037037037037037,0.0803919608039196,0.0,-0.0833333333333333,0.4631944444444411,52,51,0.5740740740740741,0.1957223632475462,False
sub-11_ses-2_ecephys+image.nwb,11,2,53,135,0.3796296296296296,0.0070992900709929,0.0,0.0833333333333333,0.6851851851851852,54,47,0.5740740740740741,0.0404113434810365,True
sub-11_ses-2_ecephys+image.nwb,11,2,54,135,0.5462962962962963,0.0136986301369863,0.0,0.0648148148148148,1.0277777777777777,64,25,0.5666666666666667,0.0633561643835616,False
sub-11_ses-2_ecephys+image.nwb,11,2,55,135,-0.037037037037037,0.613038696130387,0.0,-0.3425925925925926,0.2502314814814781,26,86,0.5111111111111111,0.8481744418150777,False
sub-11_ses-2_ecephys+image.nwb,11,2,56,135,1.1388888888888888,9.999000099990002e-05,1.25,0.5740740740740741,1.7222222222222223,77,18,0.6370370370370371,0.0018498150184981,True
sub-11_ses-2_ecephys+image.nwb,11,2,57,135,0.3333333333333333,0.1453854614538546,0.0,-0.25,0.9074074074074074,61,27,0.5518518518518518,0.2988478929884789,False
sub-11_ses-2_ecephys+image.nwb,11,2,58,135,-0.5740740740740741,0.999900009999,0.0,-0.8981481481481481,-0.2592592592592592,20,70,0.4074074074074074,1.0,False
sub-11_ses-2_ecephys+image.nwb,11,2,59,135,0.3611111111111111,0.0018998100189981,0.0,0.1296296296296296,0.6018518518518519,37,75,0.5518518518518518,0.0200837059151227,True
sub-11_ses-2_ecephys+image.nwb,11,2,60,135,-0.1574074074074074,0.6593340665933407,0.0,-0.9074074074074074,0.5925925925925926,49,25,0.4555555555555555,0.8712628737126288,False
sub-11_ses-2_ecephys+image.nwb,11,2,61,135,0.2592592592592592,0.060993900609939,0.0,-0.0462962962962962,0.5740740740740741,46,53,0.5370370370370371,0.1735980248129033,False
sub-11_ses-2_ecephys+image.nwb,11,2,62,135,0.1574074074074074,0.363963603639636,0.0,-0.7037037037037037,0.9907407407407408,67,11,0.5370370370370371,0.55222641001206,False
sub-11_ses-2_ecephys+image.nwb,11,2,63,135,0.4351851851851852,0.1796820317968203,0.0,-0.4444444444444444,1.3333333333333333,59,13,0.4851851851851851,0.3324117588241175,False
sub-11_ses-2_ecephys+image.nwb,11,2,64,135,0.2314814814814814,0.0902909709029097,0.0,-0.0833333333333333,0.5555555555555556,49,49,0.5444444444444444,0.1993447714052124,False
sub-11_ses-2_ecephys+image.nwb,11,2,65,135,0.074074074074074,0.2942705729427057,0.0,-0.1481481481481481,0.287037037037037,34,70,0.5111111111111111,0.4839116088391161,False
sub-11_ses-2_ecephys+image.nwb,11,2,66,135,0.0833333333333333,0.3288671132886711,0.0,-0.2409722222222221,0.3981481481481481,47,50,0.5333333333333333,0.529047095290471,False
sub-11_ses-2_ecephys+image.nwb,11,2,67,135,0.1851851851851851,0.1537846215378462,0.0,-0.1574074074074074,0.5277777777777778,50,45,0.5370370370370371,0.3075692430756924,False
sub-11_ses-2_ecephys+image.nwb,11,2,68,135,0.4074074074074074,0.0267973202679732,0.0,0.0092592592592592,0.8148148148148148,57,33,0.5444444444444444,0.1043685105173693,False
sub-11_ses-2_ecephys+image.nwb,11,2,69,135,-0.2407407407407407,0.7376262373762624,0.0,-0.9907407407407408,0.5370370370370371,63,14,0.5185185185185185,0.941109337342128,False
sub-11_ses-2_ecephys+image.nwb,11,2,70,135,0.1111111111111111,0.3615638436156384,0.0,-0.4444444444444444,0.6759259259259259,59,23,0.5222222222222223,0.55222641001206,False
sub-11_ses-2_ecephys+image.nwb,11,2,71,135,-0.4074074074074074,0.8989101089891011,0.0,-1.037037037037037,0.2407407407407407,55,16,0.4666666666666667,1.0,False
sub-11_ses-2_ecephys+image.nwb,11,2,72,135,0.4537037037037037,0.1175882411758824,0.0,-0.287037037037037,1.1851851851851851,65,20,0.5555555555555556,0.2486151384861513,False
sub-11_ses-2_ecephys+image.nwb,11,2,73,135,-0.0277777777777777,0.618938106189381,0.0,-0.2592592592592592,0.1944444444444444,40,54,0.4962962962962963,0.8481744418150777,False
sub-1_ses-2_ecephys+image.nwb,1,2,0,135,0.0648148148148148,0.3193680631936806,0.0,-0.1666666666666666,0.287037037037037,22,100,0.5333333333333333,1.0,False
sub-1_ses-2_ecephys+image.nwb,1,2,1,135,-0.324074074074074,0.962103789621038,0.0,-0.7037037037037037,0.0462962962962962,33,61,0.4703703703703704,1.0,False
sub-1_ses-2_ecephys+image.nwb,1,2,2,135,-0.1481481481481481,0.7656234376562344,0.0,-0.5740740740740741,0.2777777777777778,38,46,0.4518518518518518,1.0,False
sub-1_ses-2_ecephys+image.nwb,1,2,3,135,-1.037037037037037,0.9975002499750024,0.0,-1.7780092592592591,-0.287037037037037,51,21,0.4555555555555555,1.0,False
sub-1_ses-2_ecephys+image.nwb,1,2,4,135,-0.3333333333333333,0.9757024297570244,0.0,-0.6668981481481481,0.0185185185185185,31,53,0.4259259259259259,1.0,False
sub-1_ses-2_ecephys+image.nwb,1,2,5,135,-0.1574074074074074,0.7436256374362564,0.0,-0.6388888888888888,0.324074074074074,46,32,0.4592592592592592,1.0,False
sub-1_ses-2_ecephys+image.nwb,1,2,6,135,-0.0555555555555555,0.6522347765223477,0.0,-0.3888888888888889,0.2685185185185185,44,50,0.5111111111111111,1.0,False
sub-1_ses-2_ecephys+image.nwb,1,2,7,135,0.0185185185185185,0.4676532346765323,0.0,-0.2222222222222222,0.25,37,60,0.4962962962962963,1.0,False
sub-1_ses-2_ecephys+image.nwb,1,2,8,135,0.0833333333333333,0.4203579642035796,0.0,-0.6388888888888888,0.7870370370370371,63,21,0.5444444444444444,1.0,False
sub-1_ses-2_ecephys+image.nwb,1,2,9,135,-0.0648148148148148,0.6147385261473852,0.0,-0.5555555555555556,0.4074074074074074,48,42,0.5111111111111111,1.0,False
sub-1_ses-2_ecephys+image.nwb,1,2,10,135,-0.037037037037037,0.5683431656834317,0.0,-0.5925925925925926,0.5277777777777778,47,30,0.4592592592592592,1.0,False
sub-1_ses-2_ecephys+image.nwb,1,2,11,135,-0.1481481481481481,0.8248175182481752,0.0,-0.4907407407407407,0.1666666666666666,48,39,0.5,1.0,False
sub-1_ses-2_ecephys+image.nwb,1,2,12,135,-1.0,0.966103389661034,0.0,-2.0462962962962963,0.0833333333333333,56,13,0.4629629629629629,1.0,False
sub-1_ses-2_ecephys+image.nwb,1,2,13,135,0.0462962962962962,0.3554644535546445,0.0,-0.1481481481481481,0.2407407407407407,28,81,0.5074074074074074,1.0,False
sub-1_ses-2_ecephys+image.nwb,1,2,14,135,-0.1388888888888889,0.7454254574542546,0.0,-0.5833333333333334,0.3148148148148148,38,52,0.4740740740740741,1.0,False
sub-1_ses-2_ecephys+image.nwb,1,2,15,135,-0.2592592592592592,0.9866013398660134,0.0,-0.5,-0.0092592592592592,19,80,0.437037037037037,1.0,False
sub-1_ses-2_ecephys+image.nwb,1,2,16,135,-0.1203703703703703,0.6639336066393361,0.0,-0.7037037037037037,0.4814814814814814,52,26,0.4814814814814814,1.0,False
sub-1_ses-2_ecephys+image.nwb,1,2,17,135,-0.1203703703703703,0.7808219178082192,0.0,-0.4351851851851852,0.2129629629629629,35,58,0.4740740740740741,1.0,False
sub-1_ses-2_ecephys+image.nwb,1,2,18,135,0.0277777777777777,0.4717528247175283,0.0,-0.4074074074074074,0.4629629629629629,48,46,0.5259259259259259,1.0,False
sub-1_ses-2_ecephys+image.nwb,1,2,19,135,0.0833333333333333,0.1242875712428757,0.0,-0.0277777777777777,0.2129629629629629,17,107,0.5222222222222223,0.7125001785535733,False
sub-1_ses-2_ecephys+image.nwb,1,2,20,135,0.5833333333333334,0.0052994700529947,1.25,0.1481481481481481,1.0185185185185186,70,33,0.6407407407407407,0.211978802119788,False
sub-1_ses-2_ecephys+image.nwb,1,2,21,135,-0.037037037037037,0.6165383461653835,0.0,-0.3518518518518518,0.287037037037037,41,47,0.4777777777777778,1.0,False
sub-1_ses-2_ecephys+image.nwb,1,2,22,135,0.2685185185185185,0.1246875312468753,0.0,-0.1759259259259259,0.7129629629629629,47,50,0.5333333333333333,0.7125001785535733,False
sub-1_ses-2_ecephys+image.nwb,1,2,23,135,-0.1388888888888889,0.9747025297470252,0.0,-0.2962962962962963,0.0,6,118,0.4814814814814814,1.0,False
sub-1_ses-2_ecephys+image.nwb,1,2,24,135,0.3333333333333333,0.1051894810518948,0.0,-0.1851851851851851,0.8428240740740707,54,31,0.5148148148148148,0.7125001785535733,False
sub-1_ses-2_ecephys+image.nwb,1,2,25,135,-0.0555555555555555,0.6367363263673632,0.0,-0.4259259259259259,0.3148148148148148,45,36,0.4666666666666667,1.0,False
sub-1_ses-2_ecephys+image.nwb,1,2,26,135,-0.0185185185185185,0.6117388261173883,0.0,-0.2129629629629629,0.1666666666666666,21,93,0.5,1.0,False
sub-1_ses-2_ecephys+image.nwb,1,2,27,135,-1.9259259259259256,0.9968003199680032,-1.25,-3.2314814814814814,-0.6574074074074074,46,13,0.3888888888888889,1.0,False
sub-1_ses-2_ecephys+image.nwb,1,2,28,135,0.1851851851851851,0.0954904509549045,0.0,-0.074074074074074,0.4629629629629629,32,79,0.5296296296296297,0.7125001785535733,False
sub-1_ses-2_ecephys+image.nwb,1,2,29,135,-0.0462962962962962,0.6343365663433657,0.0,-0.3425925925925926,0.25,40,56,0.5037037037037037,1.0,False
sub-1_ses-2_ecephys+image.nwb,1,2,30,135,-0.4259259259259259,0.9963003699630038,0.0,-0.7314814814814815,-0.1203703703703703,28,51,0.3962962962962963,1.0,False
sub-1_ses-2_ecephys+image.nwb,1,2,31,135,-1.8611111111111112,0.999900009999,-1.25,-2.842824074074074,-0.9074074074074074,44,17,0.3888888888888889,1.0,False
sub-1_ses-2_ecephys+image.nwb,1,2,32,135,-0.3796296296296296,0.8227177282271773,0.0,-1.1851851851851851,0.4444444444444444,57,16,0.4814814814814814,1.0,False
sub-1_ses-2_ecephys+image.nwb,1,2,33,135,0.2685185185185185,0.2127787221277872,0.0,-0.324074074074074,0.8983796296296263,55,23,0.4925925925925926,0.9456832094568322,False
sub-1_ses-2_ecephys+image.nwb,1,2,34,135,0.2777777777777778,0.0650934906509349,0.0,-0.0833333333333333,0.6203703703703703,56,35,0.5444444444444444,0.7125001785535733,False
sub-1_ses-2_ecephys+image.nwb,1,2,35,135,-1.4537037037037035,1.0,-1.25,-2.0557870370370366,-0.8518518518518519,40,15,0.3518518518518518,1.0,False
sub-1_ses-2_ecephys+image.nwb,1,2,36,135,0.1296296296296296,0.1814818518148185,0.0,-0.1203703703703703,0.3796296296296296,35,69,0.5148148148148148,0.9074092590740924,False
sub-1_ses-2_ecephys+image.nwb,1,2,37,135,0.1018518518518518,0.2967703229677032,0.0,-0.2314814814814814,0.4444444444444444,49,38,0.5037037037037037,1.0,False
sub-1_ses-2_ecephys+image.nwb,1,2,38,135,-0.1666666666666666,0.8267173282671733,0.0,-0.5185185185185185,0.1944444444444444,46,35,0.4703703703703704,1.0,False
sub-1_ses-2_ecephys+image.nwb,1,2,39,135,0.1481481481481481,0.0606939306069393,0.0,-0.0277777777777777,0.3148148148148148,41,68,0.5555555555555556,0.7125001785535733,False
sub-20_ses-2_ecephys+image.nwb,20,2,0,135,0.2129629629629629,0.1951804819518048,0.0,-0.2314814814814814,0.6854166666666633,61,25,0.5444444444444444,0.487951204879512,False
sub-20_ses-2_ecephys+image.nwb,20,2,1,135,0.2407407407407407,0.1168883111688831,0.0,-0.1388888888888889,0.6113425925925893,46,51,0.5296296296296297,0.487951204879512,False
sub-20_ses-2_ecephys+image.nwb,20,2,2,135,0.0277777777777777,0.4634536546345365,0.0,-0.3611111111111111,0.4354166666666633,36,55,0.4703703703703704,0.5793170682931706,False
sub-20_ses-2_ecephys+image.nwb,20,2,3,135,-0.2592592592592592,0.8924107589241076,0.0,-0.6851851851851852,0.1666666666666666,45,27,0.4333333333333333,0.8924107589241076,False
sub-20_ses-2_ecephys+image.nwb,20,2,4,135,0.1018518518518518,0.292970702929707,0.0,-0.2222222222222222,0.4074074074074074,30,82,0.5259259259259259,0.488284504882845,False
sub-21_ses-2_ecephys+image.nwb,21,2,0,135,0.1388888888888889,0.1933806619338066,0.0,-0.1666666666666666,0.4259259259259259,53,44,0.5555555555555556,0.5014498550144986,False
sub-21_ses-2_ecephys+image.nwb,21,2,1,135,0.4814814814814814,0.0113988601139886,0.0,0.0925925925925925,0.8981481481481481,48,52,0.5481481481481482,0.206979302069793,False
sub-21_ses-2_ecephys+image.nwb,21,2,2,135,0.1296296296296296,0.2005799420057994,0.0,-0.1481481481481481,0.4166666666666667,36,63,0.5,0.5014498550144986,False
sub-21_ses-2_ecephys+image.nwb,21,2,3,135,-0.0925925925925925,0.8349165083491651,0.0,-0.2962962962962963,0.1018518518518518,33,64,0.4814814814814814,1.0,False
sub-21_ses-2_ecephys+image.nwb,21,2,4,135,0.0648148148148148,0.4101589841015898,0.0,-0.4166666666666667,0.5648148148148148,51,33,0.5,0.8203179682031797,False
sub-21_ses-2_ecephys+image.nwb,21,2,5,135,0.0,0.541045895410459,0.0,-0.2407407407407407,0.2314814814814814,35,63,0.4925925925925926,0.8323783006314753,False
sub-21_ses-2_ecephys+image.nwb,21,2,6,135,0.2407407407407407,0.1717828217178282,0.0,-0.2314814814814814,0.7129629629629629,58,25,0.5222222222222223,0.5014498550144986,False
sub-21_ses-2_ecephys+image.nwb,21,2,7,135,-2.25,1.0,-1.25,-3.1574074074074074,-1.3333333333333333,27,36,0.3333333333333333,1.0,False
sub-21_ses-2_ecephys+image.nwb,21,2,8,135,-0.8703703703703703,0.9707029297070292,0.0,-1.7872685185185184,0.0277777777777777,54,18,0.4666666666666667,1.0,False
sub-21_ses-2_ecephys+image.nwb,21,2,9,135,-0.0092592592592592,0.5363463653634637,0.0,-0.5740740740740741,0.5555555555555556,61,17,0.5148148148148148,0.8323783006314753,False
sub-21_ses-2_ecephys+image.nwb,21,2,10,135,0.324074074074074,0.1623837616238376,0.0,-0.2777777777777778,0.9629629629629628,53,29,0.5,0.5014498550144986,False
sub-21_ses-2_ecephys+image.nwb,21,2,11,135,-0.5648148148148148,0.925907409259074,-1.25,-1.3148148148148149,0.1944444444444444,46,21,0.4185185185185185,1.0,False
sub-21_ses-2_ecephys+image.nwb,21,2,12,135,0.6944444444444444,0.0206979302069793,0.0,0.0738425925925926,1.3240740740740742,67,23,0.5814814814814815,0.206979302069793,False
sub-21_ses-2_ecephys+image.nwb,21,2,13,135,-0.1018518518518518,0.8484151584841516,0.0,-0.3148148148148148,0.0925925925925925,27,72,0.4666666666666667,1.0,False
sub-21_ses-2_ecephys+image.nwb,21,2,14,135,-0.6203703703703703,0.9738026197380262,0.0,-1.287037037037037,0.0092592592592592,44,32,0.4444444444444444,1.0,False
sub-21_ses-2_ecephys+image.nwb,21,2,15,135,-0.25,0.958004199580042,0.0,-0.5462962962962963,0.037037037037037,35,53,0.4555555555555555,1.0,False
sub-21_ses-2_ecephys+image.nwb,21,2,16,135,0.5462962962962963,0.1255874412558744,0.0,-0.3981481481481481,1.4537037037037035,67,20,0.5703703703703704,0.5014498550144986,False
sub-21_ses-2_ecephys+image.nwb,21,2,17,135,0.0648148148148148,0.3634636536346365,0.0,-0.2409722222222221,0.3796296296296296,40,56,0.5037037037037037,0.8076970080769701,False
sub-21_ses-2_ecephys+image.nwb,21,2,18,135,0.0185185185185185,0.4851514848515148,0.0,-0.3518518518518518,0.3888888888888889,46,40,0.4888888888888889,0.8323783006314753,False
sub-21_ses-2_ecephys+image.nwb,21,2,19,135,0.3611111111111111,0.1203879612038796,0.0,-0.1946759259259258,0.9537037037037036,48,55,0.5592592592592592,0.5014498550144986,False
