unit_id,n_trials,mean_delta_hz,permutation_p,median_delta_hz,ci95_lower_hz,ci95_upper_hz,trials_above,trials_tie,common_language_prob,fdr_q,significant_q05
0,135,0.1388888888888889,0.19338066193380662,0.0,-0.16666666666666666,0.42592592592592593,53,44,0.5555555555555556,0.5014498550144986,False
1,135,0.48148148148148145,0.011398860113988602,0.0,0.09259259259259259,0.8981481481481481,48,52,0.5481481481481482,0.206979302069793,False
2,135,0.12962962962962962,0.20057994200579943,0.0,-0.14814814814814814,0.4166666666666667,36,63,0.5,0.5014498550144986,False
3,135,-0.09259259259259259,0.8349165083491651,0.0,-0.2962962962962963,0.10185185185185185,33,64,0.48148148148148145,1.0,False
4,135,0.06481481481481481,0.41015898410158985,0.0,-0.4166666666666667,0.5648148148148148,51,33,0.5,0.8203179682031797,False
5,135,0.0,0.541045895410459,0.0,-0.24074074074074073,0.23148148148148148,35,63,0.4925925925925926,0.8323783006314753,False
6,135,0.24074074074074073,0.17178282171782822,0.0,-0.23148148148148148,0.7129629629629629,58,25,0.5222222222222223,0.5014498550144986,False
7,135,-2.25,1.0,-1.25,-3.1574074074074074,-1.3333333333333333,27,36,0.3333333333333333,1.0,False
8,135,-0.8703703703703703,0.9707029297070293,0.0,-1.7872685185185184,0.027777777777777776,54,18,0.4666666666666667,1.0,False
9,135,-0.009259259259259259,0.5363463653634637,0.0,-0.5740740740740741,0.5555555555555556,61,17,0.5148148148148148,0.8323783006314753,False
10,135,0.32407407407407407,0.1623837616238376,0.0,-0.2777777777777778,0.9629629629629629,53,29,0.5,0.5014498550144986,False
11,135,-0.5648148148148148,0.9259074092590741,-1.25,-1.3148148148148149,0.19444444444444445,46,21,0.4185185185185185,1.0,False
12,135,0.6944444444444444,0.0206979302069793,0.0,0.07384259259259267,1.3240740740740742,67,23,0.5814814814814815,0.206979302069793,False
13,135,-0.10185185185185185,0.8484151584841516,0.0,-0.3148148148148148,0.09259259259259259,27,72,0.4666666666666667,1.0,False
14,135,-0.6203703703703703,0.9738026197380262,0.0,-1.287037037037037,0.009259259259259259,44,32,0.4444444444444444,1.0,False
15,135,-0.25,0.958004199580042,0.0,-0.5462962962962963,0.037037037037037035,35,53,0.45555555555555555,1.0,False
16,135,0.5462962962962963,0.1255874412558744,0.0,-0.39814814814814814,1.4537037037037037,67,20,0.5703703703703704,0.5014498550144986,False
17,135,0.06481481481481481,0.36346365363463656,0.0,-0.24097222222222214,0.37962962962962965,40,56,0.5037037037037037,0.8076970080769701,False
18,135,0.018518518518518517,0.4851514848515148,0.0,-0.35185185185185186,0.3888888888888889,46,40,0.4888888888888889,0.8323783006314753,False
19,135,0.3611111111111111,0.12038796120387961,0.0,-0.19467592592592586,0.9537037037037037,48,55,0.5592592592592592,0.5014498550144986,False
