unit_id,trial_id,baseline_count,response_count,baseline_rate_hz,response_rate_hz,rate_difference_hz
0,0,1,0,1.25,0.0,-1.25
0,1,0,0,0.0,0.0,0.0
0,2,0,5,0.0,6.25,6.25
0,3,1,0,1.25,0.0,-1.25
0,4,0,1,0.0,1.25,1.25
0,5,0,4,0.0,5.0,5.0
0,6,1,4,1.25,5.0,3.75
0,7,0,0,0.0,0.0,0.0
0,8,0,0,0.0,0.0,0.0
0,9,0,1,0.0,1.25,1.25
0,10,0,0,0.0,0.0,0.0
0,11,0,2,0.0,2.5,2.5
0,12,0,2,0.0,2.5,2.5
0,13,1,3,1.25,3.75,2.5
0,14,1,0,1.25,0.0,-1.25
0,15,1,0,1.25,0.0,-1.25
0,16,0,0,0.0,0.0,0.0
0,17,5,0,6.25,0.0,-6.25
0,18,0,0,0.0,0.0,0.0
0,19,0,1,0.0,1.25,1.25
0,20,0,2,0.0,2.5,2.5
0,21,0,4,0.0,5.0,5.0
0,22,0,1,0.0,1.25,1.25
0,23,0,0,0.0,0.0,0.0
0,24,0,0,0.0,0.0,0.0
0,25,1,0,1.25,0.0,-1.25
0,26,1,0,1.25,0.0,-1.25
0,27,0,1,0.0,1.25,1.25
0,28,0,0,0.0,0.0,0.0
0,29,0,0,0.0,0.0,0.0
0,30,1,1,1.25,1.25,0.0
0,31,0,0,0.0,0.0,0.0
0,32,0,0,0.0,0.0,0.0
0,33,2,0,2.5,0.0,-2.5
0,34,1,0,1.25,0.0,-1.25
0,35,0,0,0.0,0.0,0.0
0,36,0,0,0.0,0.0,0.0
0,37,0,0,0.0,0.0,0.0
0,38,0,0,0.0,0.0,0.0
0,39,0,0,0.0,0.0,0.0
0,40,0,1,0.0,1.25,1.25
0,41,0,0,0.0,0.0,0.0
0,42,0,1,0.0,1.25,1.25
0,43,0,1,0.0,1.25,1.25
0,44,0,0,0.0,0.0,0.0
0,45,0,3,0.0,3.75,3.75
0,46,0,0,0.0,0.0,0.0
0,47,0,1,0.0,1.25,1.25
0,48,0,4,0.0,5.0,5.0
0,49,0,0,0.0,0.0,0.0
0,50,0,0,0.0,0.0,0.0
0,51,0,0,0.0,0.0,0.0
0,52,0,0,0.0,0.0,0.0
0,53,0,0,0.0,0.0,0.0
0,54,0,0,0.0,0.0,0.0
0,55,0,0,0.0,0.0,0.0
0,56,0,0,0.0,0.0,0.0
0,57,0,0,0.0,0.0,0.0
0,58,0,0,0.0,0.0,0.0
0,59,0,0,0.0,0.0,0.0
0,60,0,2,0.0,2.5,2.5
0,61,0,0,0.0,0.0,0.0
0,62,0,0,0.0,0.0,0.0
0,63,0,0,0.0,0.0,0.0
0,64,0,0,0.0,0.0,0.0
0,65,1,1,1.25,1.25,0.0
0,66,0,0,0.0,0.0,0.0
0,67,0,0,0.0,0.0,0.0
0,68,1,0,1.25,0.0,-1.25
0,69,0,0,0.0,0.0,0.0
0,70,0,0,0.0,0.0,0.0
0,71,0,0,0.0,0.0,0.0
0,72,0,3,0.0,3.75,3.75
0,73,0,0,0.0,0.0,0.0
0,74,0,1,0.0,1.25,1.25
0,75,0,0,0.0,0.0,0.0
0,76,0,1,0.0,1.25,1.25
0,77,1,0,1.25,0.0,-1.25
0,78,0,0,0.0,0.0,0.0
0,79,0,0,0.0,0.0,0.0
0,80,0,0,0.0,0.0,0.0
0,81,0,0,0.0,0.0,0.0
0,82,0,0,0.0,0.0,0.0
0,83,1,0,1.25,0.0,-1.25
0,84,0,0,0.0,0.0,0.0
0,85,0,0,0.0,0.0,0.0
0,86,0,0,0.0,0.0,0.0
0,87,0,0,0.0,0.0,0.0
0,88,0,0,0.0,0.0,0.0
0,89,0,0,0.0,0.0,0.0
0,90,2,0,2.5,0.0,-2.5
0,91,0,0,0.0,0.0,0.0
0,92,0,0,0.0,0.0,0.0
0,93,0,0,0.0,0.0,0.0
0,94,0,0,0.0,0.0,0.0
0,95,0,5,0.0,6.25,6.25
0,96,0,0,0.0,0.0,0.0
0,97,0,1,0.0,1.25,1.25
0,98,0,0,0.0,0.0,0.0
0,99,0,0,0.0,0.0,0.0
0,100,0,0,0.0,0.0,0.0
0,101,0,1,0.0,1.25,1.25
0,102,0,0,0.0,0.0,0.0
0,103,0,1,0.0,1.25,1.25
0,104,0,0,0.0,0.0,0.0
0,105,0,0,0.0,0.0,0.0
0,106,0,0,0.0,0.0,0.0
0,107,0,0,0.0,0.0,0.0
1,0,0,0,0.0,0.0,0.0
1,1,0,0,0.0,0.0,0.0
1,2,0,3,0.0,3.75,3.75
1,3,0,0,0.0,0.0,0.0
1,4,0,1,0.0,1.25,1.25
1,5,0,0,0.0,0.0,0.0
1,6,0,1,0.0,1.25,1.25
1,7,0,0,0.0,0.0,0.0
1,8,0,0,0.0,0.0,0.0
1,9,0,1,0.0,1.25,1.25
1,10,0,0,0.0,0.0,0.0
1,11,0,0,0.0,0.0,0.0
1,12,0,0,0.0,0.0,0.0
1,13,2,1,2.5,1.25,-1.25
1,14,0,0,0.0,0.0,0.0
1,15,0,0,0.0,0.0,0.0
1,16,0,0,0.0,0.0,0.0
1,17,0,1,0.0,1.25,1.25
1,18,0,0,0.0,0.0,0.0
1,19,0,2,0.0,2.5,2.5
1,20,0,1,0.0,1.25,1.25
1,21,0,0,0.0,0.0,0.0
1,22,0,0,0.0,0.0,0.0
1,23,0,0,0.0,0.0,0.0
1,24,0,0,0.0,0.0,0.0
1,25,1,0,1.25,0.0,-1.25
1,26,0,1,0.0,1.25,1.25
1,27,0,0,0.0,0.0,0.0
1,28,0,0,0.0,0.0,0.0
1,29,0,1,0.0,1.25,1.25
1,30,0,0,0.0,0.0,0.0
1,31,0,0,0.0,0.0,0.0
1,32,0,1,0.0,1.25,1.25
1,33,0,0,0.0,0.0,0.0
1,34,0,0,0.0,0.0,0.0
1,35,0,1,0.0,1.25,1.25
1,36,0,2,0.0,2.5,2.5
1,37,0,0,0.0,0.0,0.0
1,38,1,1,1.25,1.25,0.0
1,39,0,0,0.0,0.0,0.0
1,40,0,0,0.0,0.0,0.0
1,41,0,0,0.0,0.0,0.0
1,42,0,0,0.0,0.0,0.0
1,43,0,0,0.0,0.0,0.0
1,44,0,1,0.0,1.25,1.25
1,45,0,0,0.0,0.0,0.0
1,46,0,0,0.0,0.0,0.0
1,47,0,0,0.0,0.0,0.0
1,48,0,0,0.0,0.0,0.0
1,49,0,0,0.0,0.0,0.0
1,50,0,0,0.0,0.0,0.0
1,51,0,0,0.0,0.0,0.0
1,52,0,1,0.0,1.25,1.25
1,53,0,0,0.0,0.0,0.0
1,54,0,1,0.0,1.25,1.25
1,55,0,0,0.0,0.0,0.0
1,56,0,0,0.0,0.0,0.0
1,57,0,0,0.0,0.0,0.0
1,58,1,1,1.25,1.25,0.0
1,59,0,0,0.0,0.0,0.0
1,60,0,0,0.0,0.0,0.0
1,61,0,1,0.0,1.25,1.25
1,62,0,0,0.0,0.0,0.0
1,63,0,0,0.0,0.0,0.0
1,64,0,0,0.0,0.0,0.0
1,65,0,2,0.0,2.5,2.5
1,66,0,0,0.0,0.0,0.0
1,67,0,0,0.0,0.0,0.0
1,68,0,1,0.0,1.25,1.25
1,69,0,1,0.0,1.25,1.25
1,70,0,0,0.0,0.0,0.0
1,71,0,4,0.0,5.0,5.0
1,72,0,0,0.0,0.0,0.0
1,73,1,1,1.25,1.25,0.0
1,74,0,1,0.0,1.25,1.25
1,75,0,1,0.0,1.25,1.25
1,76,0,0,0.0,0.0,0.0
1,77,1,0,1.25,0.0,-1.25
1,78,0,0,0.0,0.0,0.0
1,79,0,0,0.0,0.0,0.0
1,80,0,0,0.0,0.0,0.0
1,81,0,0,0.0,0.0,0.0
1,82,0,0,0.0,0.0,0.0
1,83,1,0,1.25,0.0,-1.25
1,84,0,1,0.0,1.25,1.25
1,85,0,1,0.0,1.25,1.25
1,86,0,1,0.0,1.25,1.25
1,87,0,0,0.0,0.0,0.0
1,88,0,0,0.0,0.0,0.0
1,89,0,2,0.0,2.5,2.5
1,90,0,0,0.0,0.0,0.0
1,91,0,0,0.0,0.0,0.0
1,92,0,0,0.0,0.0,0.0
1,93,0,0,0.0,0.0,0.0
1,94,0,0,0.0,0.0,0.0
1,95,0,3,0.0,3.75,3.75
1,96,1,0,1.25,0.0,-1.25
1,97,0,0,0.0,0.0,0.0
1,98,0,0,0.0,0.0,0.0
1,99,0,0,0.0,0.0,0.0
1,100,0,1,0.0,1.25,1.25
1,101,1,0,1.25,0.0,-1.25
1,102,0,0,0.0,0.0,0.0
1,103,0,0,0.0,0.0,0.0
1,104,0,0,0.0,0.0,0.0
1,105,0,0,0.0,0.0,0.0
1,106,0,0,0.0,0.0,0.0
1,107,0,0,0.0,0.0,0.0
2,0,0,0,0.0,0.0,0.0
2,1,0,0,0.0,0.0,0.0
2,2,0,0,0.0,0.0,0.0
2,3,0,0,0.0,0.0,0.0
2,4,1,0,1.25,0.0,-1.25
2,5,0,0,0.0,0.0,0.0
2,6,0,0,0.0,0.0,0.0
2,7,1,1,1.25,1.25,0.0
2,8,1,0,1.25,0.0,-1.25
2,9,1,1,1.25,1.25,0.0
2,10,0,1,0.0,1.25,1.25
2,11,0,1,0.0,1.25,1.25
2,12,1,0,1.25,0.0,-1.25
2,13,0,1,0.0,1.25,1.25
2,14,3,0,3.75,0.0,-3.75
2,15,0,0,0.0,0.0,0.0
2,16,0,0,0.0,0.0,0.0
2,17,0,0,0.0,0.0,0.0
2,18,0,0,0.0,0.0,0.0
2,19,0,0,0.0,0.0,0.0
2,20,1,2,1.25,2.5,1.25
2,21,4,0,5.0,0.0,-5.0
2,22,0,0,0.0,0.0,0.0
2,23,1,0,1.25,0.0,-1.25
2,24,0,0,0.0,0.0,0.0
2,25,0,0,0.0,0.0,0.0
2,26,0,2,0.0,2.5,2.5
2,27,0,0,0.0,0.0,0.0
2,28,0,0,0.0,0.0,0.0
2,29,0,0,0.0,0.0,0.0
2,30,0,0,0.0,0.0,0.0
2,31,1,1,1.25,1.25,0.0
2,32,0,0,0.0,0.0,0.0
2,33,0,0,0.0,0.0,0.0
2,34,0,0,0.0,0.0,0.0
2,35,1,0,1.25,0.0,-1.25
2,36,0,1,0.0,1.25,1.25
2,37,2,0,2.5,0.0,-2.5
2,38,0,0,0.0,0.0,0.0
2,39,0,0,0.0,0.0,0.0
2,40,0,0,0.0,0.0,0.0
2,41,0,0,0.0,0.0,0.0
2,42,0,0,0.0,0.0,0.0
2,43,0,1,0.0,1.25,1.25
2,44,0,0,0.0,0.0,0.0
2,45,0,1,0.0,1.25,1.25
2,46,0,0,0.0,0.0,0.0
2,47,0,0,0.0,0.0,0.0
2,48,0,0,0.0,0.0,0.0
2,49,1,0,1.25,0.0,-1.25
2,50,0,0,0.0,0.0,0.0
2,51,0,1,0.0,1.25,1.25
2,52,0,0,0.0,0.0,0.0
2,53,1,0,1.25,0.0,-1.25
2,54,0,0,0.0,0.0,0.0
2,55,0,0,0.0,0.0,0.0
2,56,1,0,1.25,0.0,-1.25
2,57,0,1,0.0,1.25,1.25
2,58,0,0,0.0,0.0,0.0
2,59,2,0,2.5,0.0,-2.5
2,60,1,1,1.25,1.25,0.0
2,61,0,2,0.0,2.5,2.5
2,62,1,0,1.25,0.0,-1.25
2,63,1,1,1.25,1.25,0.0
2,64,0,0,0.0,0.0,0.0
2,65,0,0,0.0,0.0,0.0
2,66,0,0,0.0,0.0,0.0
2,67,0,0,0.0,0.0,0.0
2,68,0,2,0.0,2.5,2.5
2,69,2,0,2.5,0.0,-2.5
2,70,0,0,0.0,0.0,0.0
2,71,2,0,2.5,0.0,-2.5
2,72,2,0,2.5,0.0,-2.5
2,73,1,0,1.25,0.0,-1.25
2,74,1,4,1.25,5.0,3.75
2,75,0,0,0.0,0.0,0.0
2,76,0,0,0.0,0.0,0.0
2,77,0,2,0.0,2.5,2.5
2,78,2,0,2.5,0.0,-2.5
2,79,0,0,0.0,0.0,0.0
2,80,2,1,2.5,1.25,-1.25
2,81,0,1,0.0,1.25,1.25
2,82,1,1,1.25,1.25,0.0
2,83,0,0,0.0,0.0,0.0
2,84,0,1,0.0,1.25,1.25
2,85,1,1,1.25,1.25,0.0
2,86,2,0,2.5,0.0,-2.5
2,87,1,0,1.25,0.0,-1.25
2,88,0,1,0.0,1.25,1.25
2,89,0,0,0.0,0.0,0.0
2,90,0,1,0.0,1.25,1.25
2,91,1,1,1.25,1.25,0.0
2,92,0,0,0.0,0.0,0.0
2,93,1,0,1.25,0.0,-1.25
2,94,1,0,1.25,0.0,-1.25
2,95,1,0,1.25,0.0,-1.25
2,96,0,0,0.0,0.0,0.0
2,97,0,1,0.0,1.25,1.25
2,98,0,0,0.0,0.0,0.0
2,99,0,0,0.0,0.0,0.0
2,100,0,0,0.0,0.0,0.0
2,101,0,0,0.0,0.0,0.0
2,102,0,0,0.0,0.0,0.0
2,103,0,0,0.0,0.0,0.0
2,104,1,0,1.25,0.0,-1.25
2,105,0,0,0.0,0.0,0.0
2,106,0,1,0.0,1.25,1.25
2,107,0,1,0.0,1.25,1.25
3,0,0,0,0.0,0.0,0.0
3,1,0,0,0.0,0.0,0.0
3,2,0,0,0.0,0.0,0.0
3,3,0,1,0.0,1.25,1.25
3,4,0,0,0.0,0.0,0.0
3,5,1,0,1.25,0.0,-1.25
3,6,1,0,1.25,0.0,-1.25
3,7,0,0,0.0,0.0,0.0
3,8,0,0,0.0,0.0,0.0
3,9,0,1,0.0,1.25,1.25
3,10,0,1,0.0,1.25,1.25
3,11,1,1,1.25,1.25,0.0
3,12,0,2,0.0,2.5,2.5
3,13,0,0,0.0,0.0,0.0
3,14,1,0,1.25,0.0,-1.25
3,15,0,0,0.0,0.0,0.0
3,16,0,1,0.0,1.25,1.25
3,17,1,0,1.25,0.0,-1.25
3,18,0,0,0.0,0.0,0.0
3,19,0,0,0.0,0.0,0.0
3,20,0,1,0.0,1.25,1.25
3,21,1,0,1.25,0.0,-1.25
3,22,0,1,0.0,1.25,1.25
3,23,1,0,1.25,0.0,-1.25
3,24,0,0,0.0,0.0,0.0
3,25,0,1,0.0,1.25,1.25
3,26,0,0,0.0,0.0,0.0
3,27,0,1,0.0,1.25,1.25
3,28,2,0,2.5,0.0,-2.5
3,29,0,0,0.0,0.0,0.0
3,30,0,0,0.0,0.0,0.0
3,31,2,0,2.5,0.0,-2.5
3,32,0,0,0.0,0.0,0.0
3,33,0,0,0.0,0.0,0.0
3,34,0,0,0.0,0.0,0.0
3,35,0,0,0.0,0.0,0.0
3,36,2,0,2.5,0.0,-2.5
3,37,0,0,0.0,0.0,0.0
3,38,0,0,0.0,0.0,0.0
3,39,0,0,0.0,0.0,0.0
3,40,2,1,2.5,1.25,-1.25
3,41,0,0,0.0,0.0,0.0
3,42,1,0,1.25,0.0,-1.25
3,43,0,0,0.0,0.0,0.0
3,44,0,0,0.0,0.0,0.0
3,45,1,2,1.25,2.5,1.25
3,46,2,0,2.5,0.0,-2.5
3,47,1,0,1.25,0.0,-1.25
3,48,0,1,0.0,1.25,1.25
3,49,0,0,0.0,0.0,0.0
3,50,0,0,0.0,0.0,0.0
3,51,0,1,0.0,1.25,1.25
3,52,0,0,0.0,0.0,0.0
3,53,0,0,0.0,0.0,0.0
3,54,0,0,0.0,0.0,0.0
3,55,0,0,0.0,0.0,0.0
3,56,1,1,1.25,1.25,0.0
3,57,0,0,0.0,0.0,0.0
3,58,0,0,0.0,0.0,0.0
3,59,1,0,1.25,0.0,-1.25
3,60,0,1,0.0,1.25,1.25
3,61,1,1,1.25,1.25,0.0
3,62,0,0,0.0,0.0,0.0
3,63,0,1,0.0,1.25,1.25
3,64,0,0,0.0,0.0,0.0
3,65,1,0,1.25,0.0,-1.25
3,66,0,0,0.0,0.0,0.0
3,67,1,0,1.25,0.0,-1.25
3,68,0,0,0.0,0.0,0.0
3,69,0,0,0.0,0.0,0.0
3,70,0,0,0.0,0.0,0.0
3,71,0,0,0.0,0.0,0.0
3,72,0,2,0.0,2.5,2.5
3,73,0,0,0.0,0.0,0.0
3,74,0,2,0.0,2.5,2.5
3,75,0,0,0.0,0.0,0.0
3,76,0,0,0.0,0.0,0.0
3,77,1,0,1.25,0.0,-1.25
3,78,0,0,0.0,0.0,0.0
3,79,0,0,0.0,0.0,0.0
3,80,0,0,0.0,0.0,0.0
3,81,0,1,0.0,1.25,1.25
3,82,1,1,1.25,1.25,0.0
3,83,0,0,0.0,0.0,0.0
3,84,0,0,0.0,0.0,0.0
3,85,0,0,0.0,0.0,0.0
3,86,0,1,0.0,1.25,1.25
3,87,1,0,1.25,0.0,-1.25
3,88,0,0,0.0,0.0,0.0
3,89,0,1,0.0,1.25,1.25
3,90,0,0,0.0,0.0,0.0
3,91,0,0,0.0,0.0,0.0
3,92,0,0,0.0,0.0,0.0
3,93,0,0,0.0,0.0,0.0
3,94,0,0,0.0,0.0,0.0
3,95,0,2,0.0,2.5,2.5
3,96,0,0,0.0,0.0,0.0
3,97,1,0,1.25,0.0,-1.25
3,98,1,0,1.25,0.0,-1.25
3,99,1,0,1.25,0.0,-1.25
3,100,0,2,0.0,2.5,2.5
3,101,0,0,0.0,0.0,0.0
3,102,0,1,0.0,1.25,1.25
3,103,0,0,0.0,0.0,0.0
3,104,0,1,0.0,1.25,1.25
3,105,0,1,0.0,1.25,1.25
3,106,0,0,0.0,0.0,0.0
3,107,0,0,0.0,0.0,0.0
4,0,0,0,0.0,0.0,0.0
4,1,0,0,0.0,0.0,0.0
4,2,2,2,2.5,2.5,0.0
4,3,2,0,2.5,0.0,-2.5
4,4,2,2,2.5,2.5,0.0
4,5,2,2,2.5,2.5,0.0
4,6,0,1,0.0,1.25,1.25
4,7,3,2,3.75,2.5,-1.25
4,8,2,2,2.5,2.5,0.0
4,9,1,4,1.25,5.0,3.75
4,10,5,2,6.25,2.5,-3.75
4,11,6,2,7.5,2.5,-5.0
4,12,4,3,5.0,3.75,-1.25
4,13,1,2,1.25,2.5,1.25
4,14,2,1,2.5,1.25,-1.25
4,15,1,1,1.25,1.25,0.0
4,16,1,0,1.25,0.0,-1.25
4,17,1,1,1.25,1.25,0.0
4,18,0,1,0.0,1.25,1.25
4,19,3,0,3.75,0.0,-3.75
4,20,1,2,1.25,2.5,1.25
4,21,3,1,3.75,1.25,-2.5
4,22,3,2,3.75,2.5,-1.25
4,23,2,2,2.5,2.5,0.0
4,24,4,0,5.0,0.0,-5.0
4,25,1,1,1.25,1.25,0.0
4,26,1,4,1.25,5.0,3.75
4,27,0,2,0.0,2.5,2.5
4,28,1,3,1.25,3.75,2.5
4,29,0,0,0.0,0.0,0.0
4,30,1,0,1.25,0.0,-1.25
4,31,1,2,1.25,2.5,1.25
4,32,3,1,3.75,1.25,-2.5
4,33,3,3,3.75,3.75,0.0
4,34,1,1,1.25,1.25,0.0
4,35,2,1,2.5,1.25,-1.25
4,36,1,1,1.25,1.25,0.0
4,37,1,2,1.25,2.5,1.25
4,38,0,2,0.0,2.5,2.5
4,39,3,1,3.75,1.25,-2.5
4,40,2,0,2.5,0.0,-2.5
4,41,3,1,3.75,1.25,-2.5
4,42,1,1,1.25,1.25,0.0
4,43,4,1,5.0,1.25,-3.75
4,44,3,3,3.75,3.75,0.0
4,45,2,4,2.5,5.0,2.5
4,46,2,2,2.5,2.5,0.0
4,47,2,3,2.5,3.75,1.25
4,48,3,3,3.75,3.75,0.0
4,49,2,1,2.5,1.25,-1.25
4,50,2,2,2.5,2.5,0.0
4,51,0,1,0.0,1.25,1.25
4,52,3,0,3.75,0.0,-3.75
4,53,3,1,3.75,1.25,-2.5
4,54,0,2,0.0,2.5,2.5
4,55,3,5,3.75,6.25,2.5
4,56,0,0,0.0,0.0,0.0
4,57,3,0,3.75,0.0,-3.75
4,58,2,1,2.5,1.25,-1.25
4,59,4,3,5.0,3.75,-1.25
4,60,1,1,1.25,1.25,0.0
4,61,5,2,6.25,2.5,-3.75
4,62,4,3,5.0,3.75,-1.25
4,63,2,2,2.5,2.5,0.0
4,64,0,0,0.0,0.0,0.0
4,65,4,4,5.0,5.0,0.0
4,66,4,1,5.0,1.25,-3.75
4,67,1,2,1.25,2.5,1.25
4,68,1,4,1.25,5.0,3.75
4,69,6,1,7.5,1.25,-6.25
4,70,1,3,1.25,3.75,2.5
4,71,2,0,2.5,0.0,-2.5
4,72,3,1,3.75,1.25,-2.5
4,73,0,1,0.0,1.25,1.25
4,74,3,2,3.75,2.5,-1.25
4,75,3,0,3.75,0.0,-3.75
4,76,3,3,3.75,3.75,0.0
4,77,4,2,5.0,2.5,-2.5
4,78,2,1,2.5,1.25,-1.25
4,79,6,1,7.5,1.25,-6.25
4,80,4,2,5.0,2.5,-2.5
4,81,5,0,6.25,0.0,-6.25
4,82,5,3,6.25,3.75,-2.5
4,83,2,2,2.5,2.5,0.0
4,84,3,4,3.75,5.0,1.25
4,85,4,1,5.0,1.25,-3.75
4,86,5,3,6.25,3.75,-2.5
4,87,3,3,3.75,3.75,0.0
4,88,0,4,0.0,5.0,5.0
4,89,2,1,2.5,1.25,-1.25
4,90,1,2,1.25,2.5,1.25
4,91,2,2,2.5,2.5,0.0
4,92,1,1,1.25,1.25,0.0
4,93,5,0,6.25,0.0,-6.25
4,94,1,5,1.25,6.25,5.0
4,95,3,1,3.75,1.25,-2.5
4,96,2,1,2.5,1.25,-1.25
4,97,2,2,2.5,2.5,0.0
4,98,3,2,3.75,2.5,-1.25
4,99,2,2,2.5,2.5,0.0
4,100,3,2,3.75,2.5,-1.25
4,101,3,2,3.75,2.5,-1.25
4,102,0,4,0.0,5.0,5.0
4,103,3,4,3.75,5.0,1.25
4,104,0,0,0.0,0.0,0.0
4,105,1,1,1.25,1.25,0.0
4,106,4,2,5.0,2.5,-2.5
4,107,2,1,2.5,1.25,-1.25
5,0,0,0,0.0,0.0,0.0
5,1,2,1,2.5,1.25,-1.25
5,2,5,7,6.25,8.75,2.5
5,3,7,5,8.75,6.25,-2.5
5,4,3,5,3.75,6.25,2.5
5,5,4,8,5.0,10.0,5.0
5,6,5,6,6.25,7.5,1.25
5,7,7,11,8.75,13.75,5.0
5,8,4,4,5.0,5.0,0.0
5,9,3,4,3.75,5.0,1.25
5,10,2,5,2.5,6.25,3.75
5,11,6,4,7.5,5.0,-2.5
5,12,10,5,12.5,6.25,-6.25
5,13,10,9,12.5,11.25,-1.25
5,14,6,6,7.5,7.5,0.0
5,15,9,7,11.25,8.75,-2.5
5,16,4,4,5.0,5.0,0.0
5,17,11,2,13.75,2.5,-11.25
5,18,7,5,8.75,6.25,-2.5
5,19,4,5,5.0,6.25,1.25
5,20,7,5,8.75,6.25,-2.5
5,21,8,6,10.0,7.5,-2.5
5,22,2,4,2.5,5.0,2.5
5,23,5,2,6.25,2.5,-3.75
5,24,6,3,7.5,3.75,-3.75
5,25,0,1,0.0,1.25,1.25
5,26,3,3,3.75,3.75,0.0
5,27,1,5,1.25,6.25,5.0
5,28,1,10,1.25,12.5,11.25
5,29,0,0,0.0,0.0,0.0
5,30,4,6,5.0,7.5,2.5
5,31,6,3,7.5,3.75,-3.75
5,32,4,3,5.0,3.75,-1.25
5,33,6,3,7.5,3.75,-3.75
5,34,9,4,11.25,5.0,-6.25
5,35,6,4,7.5,5.0,-2.5
5,36,7,6,8.75,7.5,-1.25
5,37,3,4,3.75,5.0,1.25
5,38,7,1,8.75,1.25,-7.5
5,39,3,4,3.75,5.0,1.25
5,40,6,7,7.5,8.75,1.25
5,41,6,5,7.5,6.25,-1.25
5,42,5,6,6.25,7.5,1.25
5,43,6,9,7.5,11.25,3.75
5,44,5,8,6.25,10.0,3.75
5,45,3,6,3.75,7.5,3.75
5,46,8,8,10.0,10.0,0.0
5,47,2,3,2.5,3.75,1.25
5,48,5,4,6.25,5.0,-1.25
5,49,4,4,5.0,5.0,0.0
5,50,5,6,6.25,7.5,1.25
5,51,3,6,3.75,7.5,3.75
5,52,6,4,7.5,5.0,-2.5
5,53,4,6,5.0,7.5,2.5
5,54,1,2,1.25,2.5,1.25
5,55,5,7,6.25,8.75,2.5
5,56,3,2,3.75,2.5,-1.25
5,57,9,5,11.25,6.25,-5.0
5,58,6,6,7.5,7.5,0.0
5,59,6,7,7.5,8.75,1.25
5,60,6,6,7.5,7.5,0.0
5,61,3,5,3.75,6.25,2.5
5,62,5,7,6.25,8.75,2.5
5,63,6,5,7.5,6.25,-1.25
5,64,0,0,0.0,0.0,0.0
5,65,4,6,5.0,7.5,2.5
5,66,4,5,5.0,6.25,1.25
5,67,4,6,5.0,7.5,2.5
5,68,7,5,8.75,6.25,-2.5
5,69,9,4,11.25,5.0,-6.25
5,70,9,4,11.25,5.0,-6.25
5,71,6,6,7.5,7.5,0.0
5,72,10,6,12.5,7.5,-5.0
5,73,2,6,2.5,7.5,5.0
5,74,2,4,2.5,5.0,2.5
5,75,4,2,5.0,2.5,-2.5
5,76,7,4,8.75,5.0,-3.75
5,77,6,2,7.5,2.5,-5.0
5,78,2,4,2.5,5.0,2.5
5,79,4,6,5.0,7.5,2.5
5,80,6,7,7.5,8.75,1.25
5,81,7,6,8.75,7.5,-1.25
5,82,6,3,7.5,3.75,-3.75
5,83,5,5,6.25,6.25,0.0
5,84,4,1,5.0,1.25,-3.75
5,85,4,5,5.0,6.25,1.25
5,86,1,8,1.25,10.0,8.75
5,87,4,5,5.0,6.25,1.25
5,88,5,6,6.25,7.5,1.25
5,89,4,3,5.0,3.75,-1.25
5,90,8,7,10.0,8.75,-1.25
5,91,7,7,8.75,8.75,0.0
5,92,3,1,3.75,1.25,-2.5
5,93,3,5,3.75,6.25,2.5
5,94,3,1,3.75,1.25,-2.5
5,95,5,6,6.25,7.5,1.25
5,96,5,3,6.25,3.75,-2.5
5,97,9,2,11.25,2.5,-8.75
5,98,4,4,5.0,5.0,0.0
5,99,6,13,7.5,16.25,8.75
5,100,9,4,11.25,5.0,-6.25
5,101,6,3,7.5,3.75,-3.75
5,102,5,5,6.25,6.25,0.0
5,103,4,3,5.0,3.75,-1.25
5,104,0,0,0.0,0.0,0.0
5,105,4,6,5.0,7.5,2.5
5,106,5,15,6.25,18.75,12.5
5,107,2,4,2.5,5.0,2.5
6,0,1,0,1.25,0.0,-1.25
6,1,0,0,0.0,0.0,0.0
6,2,1,0,1.25,0.0,-1.25
6,3,0,0,0.0,0.0,0.0
6,4,0,0,0.0,0.0,0.0
6,5,1,0,1.25,0.0,-1.25
6,6,0,0,0.0,0.0,0.0
6,7,0,0,0.0,0.0,0.0
6,8,0,0,0.0,0.0,0.0
6,9,1,1,1.25,1.25,0.0
6,10,0,1,0.0,1.25,1.25
6,11,0,0,0.0,0.0,0.0
6,12,0,0,0.0,0.0,0.0
6,13,0,0,0.0,0.0,0.0
6,14,2,0,2.5,0.0,-2.5
6,15,1,0,1.25,0.0,-1.25
6,16,1,1,1.25,1.25,0.0
6,17,1,1,1.25,1.25,0.0
6,18,0,0,0.0,0.0,0.0
6,19,0,0,0.0,0.0,0.0
6,20,0,1,0.0,1.25,1.25
6,21,1,0,1.25,0.0,-1.25
6,22,1,0,1.25,0.0,-1.25
6,23,0,0,0.0,0.0,0.0
6,24,0,1,0.0,1.25,1.25
6,25,0,0,0.0,0.0,0.0
6,26,0,1,0.0,1.25,1.25
6,27,0,0,0.0,0.0,0.0
6,28,0,0,0.0,0.0,0.0
6,29,0,0,0.0,0.0,0.0
6,30,0,0,0.0,0.0,0.0
6,31,0,0,0.0,0.0,0.0
6,32,0,0,0.0,0.0,0.0
6,33,0,0,0.0,0.0,0.0
6,34,1,1,1.25,1.25,0.0
6,35,1,0,1.25,0.0,-1.25
6,36,1,1,1.25,1.25,0.0
6,37,2,0,2.5,0.0,-2.5
6,38,0,1,0.0,1.25,1.25
6,39,0,0,0.0,0.0,0.0
6,40,0,0,0.0,0.0,0.0
6,41,0,1,0.0,1.25,1.25
6,42,1,0,1.25,0.0,-1.25
6,43,0,0,0.0,0.0,0.0
6,44,0,0,0.0,0.0,0.0
6,45,0,0,0.0,0.0,0.0
6,46,0,0,0.0,0.0,0.0
6,47,0,0,0.0,0.0,0.0
6,48,1,0,1.25,0.0,-1.25
6,49,0,0,0.0,0.0,0.0
6,50,0,0,0.0,0.0,0.0
6,51,1,0,1.25,0.0,-1.25
6,52,0,0,0.0,0.0,0.0
6,53,0,0,0.0,0.0,0.0
6,54,0,0,0.0,0.0,0.0
6,55,0,1,0.0,1.25,1.25
6,56,0,0,0.0,0.0,0.0
6,57,0,0,0.0,0.0,0.0
6,58,0,0,0.0,0.0,0.0
6,59,2,0,2.5,0.0,-2.5
6,60,0,1,0.0,1.25,1.25
6,61,1,0,1.25,0.0,-1.25
6,62,2,0,2.5,0.0,-2.5
6,63,1,0,1.25,0.0,-1.25
6,64,0,0,0.0,0.0,0.0
6,65,0,1,0.0,1.25,1.25
6,66,0,0,0.0,0.0,0.0
6,67,1,0,1.25,0.0,-1.25
6,68,0,0,0.0,0.0,0.0
6,69,4,0,5.0,0.0,-5.0
6,70,0,0,0.0,0.0,0.0
6,71,0,0,0.0,0.0,0.0
6,72,0,0,0.0,0.0,0.0
6,73,0,0,0.0,0.0,0.0
6,74,0,1,0.0,1.25,1.25
6,75,0,0,0.0,0.0,0.0
6,76,0,0,0.0,0.0,0.0
6,77,1,0,1.25,0.0,-1.25
6,78,1,0,1.25,0.0,-1.25
6,79,0,0,0.0,0.0,0.0
6,80,0,0,0.0,0.0,0.0
6,81,0,1,0.0,1.25,1.25
6,82,0,0,0.0,0.0,0.0
6,83,0,0,0.0,0.0,0.0
6,84,1,1,1.25,1.25,0.0
6,85,1,0,1.25,0.0,-1.25
6,86,1,1,1.25,1.25,0.0
6,87,0,1,0.0,1.25,1.25
6,88,0,1,0.0,1.25,1.25
6,89,0,1,0.0,1.25,1.25
6,90,1,0,1.25,0.0,-1.25
6,91,0,0,0.0,0.0,0.0
6,92,1,0,1.25,0.0,-1.25
6,93,1,0,1.25,0.0,-1.25
6,94,1,1,1.25,1.25,0.0
6,95,2,0,2.5,0.0,-2.5
6,96,0,0,0.0,0.0,0.0
6,97,3,0,3.75,0.0,-3.75
6,98,0,0,0.0,0.0,0.0
6,99,0,0,0.0,0.0,0.0
6,100,0,0,0.0,0.0,0.0
6,101,0,0,0.0,0.0,0.0
6,102,0,0,0.0,0.0,0.0
6,103,0,1,0.0,1.25,1.25
6,104,0,0,0.0,0.0,0.0
6,105,0,0,0.0,0.0,0.0
6,106,0,0,0.0,0.0,0.0
6,107,0,0,0.0,0.0,0.0
7,0,0,0,0.0,0.0,0.0
7,1,0,0,0.0,0.0,0.0
7,2,1,1,1.25,1.25,0.0
7,3,1,0,1.25,0.0,-1.25
7,4,0,0,0.0,0.0,0.0
7,5,1,2,1.25,2.5,1.25
7,6,0,0,0.0,0.0,0.0
7,7,0,2,0.0,2.5,2.5
7,8,1,2,1.25,2.5,1.25
7,9,0,1,0.0,1.25,1.25
7,10,0,0,0.0,0.0,0.0
7,11,0,1,0.0,1.25,1.25
7,12,0,0,0.0,0.0,0.0
7,13,1,0,1.25,0.0,-1.25
7,14,0,1,0.0,1.25,1.25
7,15,1,0,1.25,0.0,-1.25
7,16,1,0,1.25,0.0,-1.25
7,17,2,0,2.5,0.0,-2.5
7,18,1,1,1.25,1.25,0.0
7,19,0,0,0.0,0.0,0.0
7,20,0,0,0.0,0.0,0.0
7,21,0,1,0.0,1.25,1.25
7,22,0,0,0.0,0.0,0.0
7,23,0,0,0.0,0.0,0.0
7,24,2,1,2.5,1.25,-1.25
7,25,2,0,2.5,0.0,-2.5
7,26,2,1,2.5,1.25,-1.25
7,27,1,2,1.25,2.5,1.25
7,28,1,0,1.25,0.0,-1.25
7,29,0,2,0.0,2.5,2.5
7,30,0,0,0.0,0.0,0.0
7,31,0,1,0.0,1.25,1.25
7,32,0,0,0.0,0.0,0.0
7,33,1,0,1.25,0.0,-1.25
7,34,2,0,2.5,0.0,-2.5
7,35,2,2,2.5,2.5,0.0
7,36,1,3,1.25,3.75,2.5
7,37,1,1,1.25,1.25,0.0
7,38,2,2,2.5,2.5,0.0
7,39,1,1,1.25,1.25,0.0
7,40,0,1,0.0,1.25,1.25
7,41,1,0,1.25,0.0,-1.25
7,42,0,1,0.0,1.25,1.25
7,43,0,0,0.0,0.0,0.0
7,44,1,1,1.25,1.25,0.0
7,45,0,2,0.0,2.5,2.5
7,46,1,1,1.25,1.25,0.0
7,47,0,0,0.0,0.0,0.0
7,48,0,0,0.0,0.0,0.0
7,49,0,0,0.0,0.0,0.0
7,50,0,1,0.0,1.25,1.25
7,51,1,0,1.25,0.0,-1.25
7,52,0,0,0.0,0.0,0.0
7,53,0,0,0.0,0.0,0.0
7,54,0,1,0.0,1.25,1.25
7,55,1,1,1.25,1.25,0.0
7,56,0,0,0.0,0.0,0.0
7,57,0,0,0.0,0.0,0.0
7,58,0,0,0.0,0.0,0.0
7,59,0,0,0.0,0.0,0.0
7,60,1,0,1.25,0.0,-1.25
7,61,0,0,0.0,0.0,0.0
7,62,2,0,2.5,0.0,-2.5
7,63,0,1,0.0,1.25,1.25
7,64,0,0,0.0,0.0,0.0
7,65,0,0,0.0,0.0,0.0
7,66,0,0,0.0,0.0,0.0
7,67,0,1,0.0,1.25,1.25
7,68,0,1,0.0,1.25,1.25
7,69,2,0,2.5,0.0,-2.5
7,70,0,1,0.0,1.25,1.25
7,71,0,0,0.0,0.0,0.0
7,72,1,1,1.25,1.25,0.0
7,73,0,1,0.0,1.25,1.25
7,74,1,0,1.25,0.0,-1.25
7,75,0,2,0.0,2.5,2.5
7,76,0,0,0.0,0.0,0.0
7,77,0,0,0.0,0.0,0.0
7,78,0,0,0.0,0.0,0.0
7,79,1,1,1.25,1.25,0.0
7,80,2,0,2.5,0.0,-2.5
7,81,1,0,1.25,0.0,-1.25
7,82,1,0,1.25,0.0,-1.25
7,83,0,0,0.0,0.0,0.0
7,84,0,0,0.0,0.0,0.0
7,85,2,0,2.5,0.0,-2.5
7,86,0,1,0.0,1.25,1.25
7,87,1,0,1.25,0.0,-1.25
7,88,0,0,0.0,0.0,0.0
7,89,0,2,0.0,2.5,2.5
7,90,1,1,1.25,1.25,0.0
7,91,0,0,0.0,0.0,0.0
7,92,2,0,2.5,0.0,-2.5
7,93,0,0,0.0,0.0,0.0
7,94,2,1,2.5,1.25,-1.25
7,95,0,1,0.0,1.25,1.25
7,96,0,1,0.0,1.25,1.25
7,97,0,0,0.0,0.0,0.0
7,98,0,0,0.0,0.0,0.0
7,99,0,0,0.0,0.0,0.0
7,100,0,0,0.0,0.0,0.0
7,101,0,0,0.0,0.0,0.0
7,102,0,0,0.0,0.0,0.0
7,103,0,0,0.0,0.0,0.0
7,104,0,0,0.0,0.0,0.0
7,105,0,0,0.0,0.0,0.0
7,106,0,3,0.0,3.75,3.75
7,107,0,0,0.0,0.0,0.0
8,0,0,0,0.0,0.0,0.0
8,1,2,0,2.5,0.0,-2.5
8,2,2,1,2.5,1.25,-1.25
8,3,0,0,0.0,0.0,0.0
8,4,0,0,0.0,0.0,0.0
8,5,1,1,1.25,1.25,0.0
8,6,0,1,0.0,1.25,1.25
8,7,0,0,0.0,0.0,0.0
8,8,1,0,1.25,0.0,-1.25
8,9,0,0,0.0,0.0,0.0
8,10,1,1,1.25,1.25,0.0
8,11,0,0,0.0,0.0,0.0
8,12,0,0,0.0,0.0,0.0
8,13,1,2,1.25,2.5,1.25
8,14,1,1,1.25,1.25,0.0
8,15,0,3,0.0,3.75,3.75
8,16,1,0,1.25,0.0,-1.25
8,17,2,0,2.5,0.0,-2.5
8,18,0,1,0.0,1.25,1.25
8,19,0,0,0.0,0.0,0.0
8,20,1,1,1.25,1.25,0.0
8,21,0,1,0.0,1.25,1.25
8,22,0,0,0.0,0.0,0.0
8,23,0,0,0.0,0.0,0.0
8,24,0,0,0.0,0.0,0.0
8,25,2,2,2.5,2.5,0.0
8,26,0,1,0.0,1.25,1.25
8,27,0,0,0.0,0.0,0.0
8,28,0,0,0.0,0.0,0.0
8,29,0,0,0.0,0.0,0.0
8,30,1,1,1.25,1.25,0.0
8,31,0,1,0.0,1.25,1.25
8,32,0,0,0.0,0.0,0.0
8,33,0,1,0.0,1.25,1.25
8,34,0,2,0.0,2.5,2.5
8,35,0,0,0.0,0.0,0.0
8,36,0,2,0.0,2.5,2.5
8,37,1,0,1.25,0.0,-1.25
8,38,1,1,1.25,1.25,0.0
8,39,0,0,0.0,0.0,0.0
8,40,1,1,1.25,1.25,0.0
8,41,0,0,0.0,0.0,0.0
8,42,0,0,0.0,0.0,0.0
8,43,1,1,1.25,1.25,0.0
8,44,0,2,0.0,2.5,2.5
8,45,0,1,0.0,1.25,1.25
8,46,1,0,1.25,0.0,-1.25
8,47,1,1,1.25,1.25,0.0
8,48,0,2,0.0,2.5,2.5
8,49,1,0,1.25,0.0,-1.25
8,50,0,0,0.0,0.0,0.0
8,51,0,1,0.0,1.25,1.25
8,52,5,1,6.25,1.25,-5.0
8,53,1,0,1.25,0.0,-1.25
8,54,0,0,0.0,0.0,0.0
8,55,0,0,0.0,0.0,0.0
8,56,1,0,1.25,0.0,-1.25
8,57,0,1,0.0,1.25,1.25
8,58,0,0,0.0,0.0,0.0
8,59,0,0,0.0,0.0,0.0
8,60,0,0,0.0,0.0,0.0
8,61,0,0,0.0,0.0,0.0
8,62,1,1,1.25,1.25,0.0
8,63,1,0,1.25,0.0,-1.25
8,64,0,0,0.0,0.0,0.0
8,65,0,3,0.0,3.75,3.75
8,66,0,0,0.0,0.0,0.0
8,67,0,2,0.0,2.5,2.5
8,68,0,0,0.0,0.0,0.0
8,69,3,0,3.75,0.0,-3.75
8,70,0,0,0.0,0.0,0.0
8,71,0,0,0.0,0.0,0.0
8,72,0,0,0.0,0.0,0.0
8,73,0,3,0.0,3.75,3.75
8,74,1,0,1.25,0.0,-1.25
8,75,0,1,0.0,1.25,1.25
8,76,0,0,0.0,0.0,0.0
8,77,0,0,0.0,0.0,0.0
8,78,0,0,0.0,0.0,0.0
8,79,0,0,0.0,0.0,0.0
8,80,0,0,0.0,0.0,0.0
8,81,0,0,0.0,0.0,0.0
8,82,0,2,0.0,2.5,2.5
8,83,0,0,0.0,0.0,0.0
8,84,0,0,0.0,0.0,0.0
8,85,0,0,0.0,0.0,0.0
8,86,0,1,0.0,1.25,1.25
8,87,2,0,2.5,0.0,-2.5
8,88,0,0,0.0,0.0,0.0
8,89,1,0,1.25,0.0,-1.25
8,90,0,1,0.0,1.25,1.25
8,91,1,2,1.25,2.5,1.25
8,92,0,0,0.0,0.0,0.0
8,93,0,0,0.0,0.0,0.0
8,94,0,0,0.0,0.0,0.0
8,95,0,0,0.0,0.0,0.0
8,96,1,2,1.25,2.5,1.25
8,97,0,0,0.0,0.0,0.0
8,98,1,1,1.25,1.25,0.0
8,99,0,0,0.0,0.0,0.0
8,100,0,0,0.0,0.0,0.0
8,101,0,0,0.0,0.0,0.0
8,102,0,1,0.0,1.25,1.25
8,103,0,0,0.0,0.0,0.0
8,104,0,0,0.0,0.0,0.0
8,105,0,1,0.0,1.25,1.25
8,106,1,1,1.25,1.25,0.0
8,107,0,0,0.0,0.0,0.0
9,0,0,1,0.0,1.25,1.25
9,1,0,1,0.0,1.25,1.25
9,2,0,2,0.0,2.5,2.5
9,3,2,3,2.5,3.75,1.25
9,4,1,4,1.25,5.0,3.75
9,5,2,5,2.5,6.25,3.75
9,6,1,1,1.25,1.25,0.0
9,7,2,2,2.5,2.5,0.0
9,8,1,3,1.25,3.75,2.5
9,9,1,1,1.25,1.25,0.0
9,10,3,3,3.75,3.75,0.0
9,11,2,2,2.5,2.5,0.0
9,12,0,2,0.0,2.5,2.5
9,13,1,3,1.25,3.75,2.5
9,14,3,3,3.75,3.75,0.0
9,15,4,3,5.0,3.75,-1.25
9,16,4,2,5.0,2.5,-2.5
9,17,1,1,1.25,1.25,0.0
9,18,0,4,0.0,5.0,5.0
9,19,3,1,3.75,1.25,-2.5
9,20,2,1,2.5,1.25,-1.25
9,21,1,0,1.25,0.0,-1.25
9,22,2,2,2.5,2.5,0.0
9,23,1,4,1.25,5.0,3.75
9,24,0,2,0.0,2.5,2.5
9,25,0,1,0.0,1.25,1.25
9,26,1,2,1.25,2.5,1.25
9,27,2,1,2.5,1.25,-1.25
9,28,3,2,3.75,2.5,-1.25
9,29,2,2,2.5,2.5,0.0
9,30,0,4,0.0,5.0,5.0
9,31,2,1,2.5,1.25,-1.25
9,32,5,0,6.25,0.0,-6.25
9,33,3,0,3.75,0.0,-3.75
9,34,2,3,2.5,3.75,1.25
9,35,2,2,2.5,2.5,0.0
9,36,0,3,0.0,3.75,3.75
9,37,2,1,2.5,1.25,-1.25
9,38,3,2,3.75,2.5,-1.25
9,39,3,3,3.75,3.75,0.0
9,40,2,4,2.5,5.0,2.5
9,41,1,4,1.25,5.0,3.75
9,42,4,1,5.0,1.25,-3.75
9,43,2,2,2.5,2.5,0.0
9,44,3,1,3.75,1.25,-2.5
9,45,1,4,1.25,5.0,3.75
9,46,3,4,3.75,5.0,1.25
9,47,2,2,2.5,2.5,0.0
9,48,2,1,2.5,1.25,-1.25
9,49,1,2,1.25,2.5,1.25
9,50,3,2,3.75,2.5,-1.25
9,51,2,0,2.5,0.0,-2.5
9,52,1,2,1.25,2.5,1.25
9,53,0,2,0.0,2.5,2.5
9,54,1,4,1.25,5.0,3.75
9,55,2,3,2.5,3.75,1.25
9,56,0,2,0.0,2.5,2.5
9,57,2,5,2.5,6.25,3.75
9,58,2,3,2.5,3.75,1.25
9,59,2,3,2.5,3.75,1.25
9,60,2,3,2.5,3.75,1.25
9,61,1,3,1.25,3.75,2.5
9,62,0,2,0.0,2.5,2.5
9,63,1,1,1.25,1.25,0.0
9,64,1,1,1.25,1.25,0.0
9,65,2,1,2.5,1.25,-1.25
9,66,5,3,6.25,3.75,-2.5
9,67,3,0,3.75,0.0,-3.75
9,68,1,1,1.25,1.25,0.0
9,69,1,0,1.25,0.0,-1.25
9,70,0,5,0.0,6.25,6.25
9,71,3,0,3.75,0.0,-3.75
9,72,7,2,8.75,2.5,-6.25
9,73,5,5,6.25,6.25,0.0
9,74,2,4,2.5,5.0,2.5
9,75,1,2,1.25,2.5,1.25
9,76,1,1,1.25,1.25,0.0
9,77,2,1,2.5,1.25,-1.25
9,78,1,4,1.25,5.0,3.75
9,79,3,7,3.75,8.75,5.0
9,80,2,4,2.5,5.0,2.5
9,81,3,0,3.75,0.0,-3.75
9,82,2,1,2.5,1.25,-1.25
9,83,1,4,1.25,5.0,3.75
9,84,4,2,5.0,2.5,-2.5
9,85,1,0,1.25,0.0,-1.25
9,86,1,2,1.25,2.5,1.25
9,87,2,0,2.5,0.0,-2.5
9,88,1,0,1.25,0.0,-1.25
9,89,2,1,2.5,1.25,-1.25
9,90,2,4,2.5,5.0,2.5
9,91,3,0,3.75,0.0,-3.75
9,92,1,3,1.25,3.75,2.5
9,93,3,3,3.75,3.75,0.0
9,94,2,4,2.5,5.0,2.5
9,95,0,2,0.0,2.5,2.5
9,96,2,1,2.5,1.25,-1.25
9,97,4,0,5.0,0.0,-5.0
9,98,5,3,6.25,3.75,-2.5
9,99,1,3,1.25,3.75,2.5
9,100,3,1,3.75,1.25,-2.5
9,101,1,1,1.25,1.25,0.0
9,102,3,0,3.75,0.0,-3.75
9,103,2,1,2.5,1.25,-1.25
9,104,0,0,0.0,0.0,0.0
9,105,3,0,3.75,0.0,-3.75
9,106,2,1,2.5,1.25,-1.25
9,107,0,1,0.0,1.25,1.25
10,0,0,0,0.0,0.0,0.0
10,1,0,0,0.0,0.0,0.0
10,2,0,1,0.0,1.25,1.25
10,3,0,0,0.0,0.0,0.0
10,4,0,0,0.0,0.0,0.0
10,5,0,0,0.0,0.0,0.0
10,6,1,0,1.25,0.0,-1.25
10,7,0,0,0.0,0.0,0.0
10,8,0,0,0.0,0.0,0.0
10,9,0,0,0.0,0.0,0.0
10,10,0,0,0.0,0.0,0.0
10,11,0,0,0.0,0.0,0.0
10,12,0,0,0.0,0.0,0.0
10,13,0,0,0.0,0.0,0.0
10,14,0,2,0.0,2.5,2.5
10,15,0,0,0.0,0.0,0.0
10,16,1,0,1.25,0.0,-1.25
10,17,2,0,2.5,0.0,-2.5
10,18,0,1,0.0,1.25,1.25
10,19,0,0,0.0,0.0,0.0
10,20,0,0,0.0,0.0,0.0
10,21,1,1,1.25,1.25,0.0
10,22,0,1,0.0,1.25,1.25
10,23,0,0,0.0,0.0,0.0
10,24,0,0,0.0,0.0,0.0
10,25,1,1,1.25,1.25,0.0
10,26,0,0,0.0,0.0,0.0
10,27,0,0,0.0,0.0,0.0
10,28,0,1,0.0,1.25,1.25
10,29,0,0,0.0,0.0,0.0
10,30,0,1,0.0,1.25,1.25
10,31,0,0,0.0,0.0,0.0
10,32,0,0,0.0,0.0,0.0
10,33,0,0,0.0,0.0,0.0
10,34,0,1,0.0,1.25,1.25
10,35,1,0,1.25,0.0,-1.25
10,36,0,1,0.0,1.25,1.25
10,37,2,0,2.5,0.0,-2.5
10,38,0,1,0.0,1.25,1.25
10,39,0,0,0.0,0.0,0.0
10,40,0,1,0.0,1.25,1.25
10,41,0,0,0.0,0.0,0.0
10,42,0,0,0.0,0.0,0.0
10,43,2,1,2.5,1.25,-1.25
10,44,0,1,0.0,1.25,1.25
10,45,0,2,0.0,2.5,2.5
10,46,0,0,0.0,0.0,0.0
10,47,0,1,0.0,1.25,1.25
10,48,0,0,0.0,0.0,0.0
10,49,0,1,0.0,1.25,1.25
10,50,0,1,0.0,1.25,1.25
10,51,0,0,0.0,0.0,0.0
10,52,1,0,1.25,0.0,-1.25
10,53,0,2,0.0,2.5,2.5
10,54,0,1,0.0,1.25,1.25
10,55,0,0,0.0,0.0,0.0
10,56,0,0,0.0,0.0,0.0
10,57,0,0,0.0,0.0,0.0
10,58,0,1,0.0,1.25,1.25
10,59,0,0,0.0,0.0,0.0
10,60,0,0,0.0,0.0,0.0
10,61,1,0,1.25,0.0,-1.25
10,62,0,0,0.0,0.0,0.0
10,63,0,0,0.0,0.0,0.0
10,64,0,0,0.0,0.0,0.0
10,65,0,0,0.0,0.0,0.0
10,66,0,1,0.0,1.25,1.25
10,67,0,1,0.0,1.25,1.25
10,68,0,0,0.0,0.0,0.0
10,69,1,0,1.25,0.0,-1.25
10,70,0,1,0.0,1.25,1.25
10,71,0,0,0.0,0.0,0.0
10,72,0,0,0.0,0.0,0.0
10,73,0,1,0.0,1.25,1.25
10,74,0,0,0.0,0.0,0.0
10,75,0,0,0.0,0.0,0.0
10,76,0,0,0.0,0.0,0.0
10,77,0,0,0.0,0.0,0.0
10,78,0,0,0.0,0.0,0.0
10,79,0,0,0.0,0.0,0.0
10,80,0,0,0.0,0.0,0.0
10,81,0,1,0.0,1.25,1.25
10,82,0,0,0.0,0.0,0.0
10,83,0,0,0.0,0.0,0.0
10,84,0,0,0.0,0.0,0.0
10,85,0,0,0.0,0.0,0.0
10,86,0,1,0.0,1.25,1.25
10,87,1,0,1.25,0.0,-1.25
10,88,0,0,0.0,0.0,0.0
10,89,0,1,0.0,1.25,1.25
10,90,0,0,0.0,0.0,0.0
10,91,0,0,0.0,0.0,0.0
10,92,0,0,0.0,0.0,0.0
10,93,0,0,0.0,0.0,0.0
10,94,2,0,2.5,0.0,-2.5
10,95,0,0,0.0,0.0,0.0
10,96,0,0,0.0,0.0,0.0
10,97,0,0,0.0,0.0,0.0
10,98,0,0,0.0,0.0,0.0
10,99,0,1,0.0,1.25,1.25
10,100,0,0,0.0,0.0,0.0
10,101,0,0,0.0,0.0,0.0
10,102,1,1,1.25,1.25,0.0
10,103,0,0,0.0,0.0,0.0
10,104,0,0,0.0,0.0,0.0
10,105,0,0,0.0,0.0,0.0
10,106,0,0,0.0,0.0,0.0
10,107,0,0,0.0,0.0,0.0
11,0,1,3,1.25,3.75,2.5
11,1,1,0,1.25,0.0,-1.25
11,2,0,1,0.0,1.25,1.25
11,3,0,0,0.0,0.0,0.0
11,4,0,3,0.0,3.75,3.75
11,5,1,0,1.25,0.0,-1.25
11,6,2,0,2.5,0.0,-2.5
11,7,1,3,1.25,3.75,2.5
11,8,0,0,0.0,0.0,0.0
11,9,0,0,0.0,0.0,0.0
11,10,0,2,0.0,2.5,2.5
11,11,0,2,0.0,2.5,2.5
11,12,0,0,0.0,0.0,0.0
11,13,0,0,0.0,0.0,0.0
11,14,0,0,0.0,0.0,0.0
11,15,0,1,0.0,1.25,1.25
11,16,0,2,0.0,2.5,2.5
11,17,0,2,0.0,2.5,2.5
11,18,1,0,1.25,0.0,-1.25
11,19,0,1,0.0,1.25,1.25
11,20,0,1,0.0,1.25,1.25
11,21,0,1,0.0,1.25,1.25
11,22,1,0,1.25,0.0,-1.25
11,23,1,1,1.25,1.25,0.0
11,24,0,0,0.0,0.0,0.0
11,25,2,1,2.5,1.25,-1.25
11,26,1,1,1.25,1.25,0.0
11,27,2,0,2.5,0.0,-2.5
11,28,1,2,1.25,2.5,1.25
11,29,1,2,1.25,2.5,1.25
11,30,0,4,0.0,5.0,5.0
11,31,2,0,2.5,0.0,-2.5
11,32,1,1,1.25,1.25,0.0
11,33,1,2,1.25,2.5,1.25
11,34,1,1,1.25,1.25,0.0
11,35,0,0,0.0,0.0,0.0
11,36,0,1,0.0,1.25,1.25
11,37,1,0,1.25,0.0,-1.25
11,38,0,0,0.0,0.0,0.0
11,39,3,2,3.75,2.5,-1.25
11,40,0,2,0.0,2.5,2.5
11,41,0,1,0.0,1.25,1.25
11,42,0,6,0.0,7.5,7.5
11,43,1,4,1.25,5.0,3.75
11,44,0,0,0.0,0.0,0.0
11,45,0,0,0.0,0.0,0.0
11,46,0,3,0.0,3.75,3.75
11,47,0,0,0.0,0.0,0.0
11,48,0,0,0.0,0.0,0.0
11,49,2,2,2.5,2.5,0.0
11,50,1,3,1.25,3.75,2.5
11,51,0,0,0.0,0.0,0.0
11,52,0,1,0.0,1.25,1.25
11,53,0,3,0.0,3.75,3.75
11,54,1,1,1.25,1.25,0.0
11,55,1,0,1.25,0.0,-1.25
11,56,3,0,3.75,0.0,-3.75
11,57,5,0,6.25,0.0,-6.25
11,58,0,0,0.0,0.0,0.0
11,59,0,2,0.0,2.5,2.5
11,60,0,0,0.0,0.0,0.0
11,61,1,0,1.25,0.0,-1.25
11,62,1,0,1.25,0.0,-1.25
11,63,1,1,1.25,1.25,0.0
11,64,0,0,0.0,0.0,0.0
11,65,0,1,0.0,1.25,1.25
11,66,2,1,2.5,1.25,-1.25
11,67,0,1,0.0,1.25,1.25
11,68,0,0,0.0,0.0,0.0
11,69,0,2,0.0,2.5,2.5
11,70,2,5,2.5,6.25,3.75
11,71,0,1,0.0,1.25,1.25
11,72,0,0,0.0,0.0,0.0
11,73,0,1,0.0,1.25,1.25
11,74,1,1,1.25,1.25,0.0
11,75,0,2,0.0,2.5,2.5
11,76,0,1,0.0,1.25,1.25
11,77,0,0,0.0,0.0,0.0
11,78,2,0,2.5,0.0,-2.5
11,79,2,0,2.5,0.0,-2.5
11,80,1,2,1.25,2.5,1.25
11,81,0,0,0.0,0.0,0.0
11,82,0,0,0.0,0.0,0.0
11,83,0,0,0.0,0.0,0.0
11,84,1,0,1.25,0.0,-1.25
11,85,3,1,3.75,1.25,-2.5
11,86,3,0,3.75,0.0,-3.75
11,87,1,1,1.25,1.25,0.0
11,88,1,0,1.25,0.0,-1.25
11,89,0,0,0.0,0.0,0.0
11,90,2,2,2.5,2.5,0.0
11,91,4,0,5.0,0.0,-5.0
11,92,4,2,5.0,2.5,-2.5
11,93,1,1,1.25,1.25,0.0
11,94,2,1,2.5,1.25,-1.25
11,95,0,1,0.0,1.25,1.25
11,96,1,0,1.25,0.0,-1.25
11,97,1,3,1.25,3.75,2.5
11,98,1,0,1.25,0.0,-1.25
11,99,1,1,1.25,1.25,0.0
11,100,0,1,0.0,1.25,1.25
11,101,1,2,1.25,2.5,1.25
11,102,1,0,1.25,0.0,-1.25
11,103,1,4,1.25,5.0,3.75
11,104,0,0,0.0,0.0,0.0
11,105,0,0,0.0,0.0,0.0
11,106,0,1,0.0,1.25,1.25
11,107,1,0,1.25,0.0,-1.25
12,0,0,0,0.0,0.0,0.0
12,1,1,0,1.25,0.0,-1.25
12,2,0,0,0.0,0.0,0.0
12,3,0,0,0.0,0.0,0.0
12,4,0,0,0.0,0.0,0.0
12,5,0,1,0.0,1.25,1.25
12,6,0,0,0.0,0.0,0.0
12,7,0,1,0.0,1.25,1.25
12,8,0,0,0.0,0.0,0.0
12,9,0,1,0.0,1.25,1.25
12,10,0,0,0.0,0.0,0.0
12,11,0,0,0.0,0.0,0.0
12,12,1,0,1.25,0.0,-1.25
12,13,0,0,0.0,0.0,0.0
12,14,0,1,0.0,1.25,1.25
12,15,0,0,0.0,0.0,0.0
12,16,0,1,0.0,1.25,1.25
12,17,0,0,0.0,0.0,0.0
12,18,0,0,0.0,0.0,0.0
12,19,0,1,0.0,1.25,1.25
12,20,0,0,0.0,0.0,0.0
12,21,0,0,0.0,0.0,0.0
12,22,0,2,0.0,2.5,2.5
12,23,0,0,0.0,0.0,0.0
12,24,0,1,0.0,1.25,1.25
12,25,0,0,0.0,0.0,0.0
12,26,1,0,1.25,0.0,-1.25
12,27,0,1,0.0,1.25,1.25
12,28,1,0,1.25,0.0,-1.25
12,29,0,0,0.0,0.0,0.0
12,30,0,0,0.0,0.0,0.0
12,31,0,0,0.0,0.0,0.0
12,32,0,1,0.0,1.25,1.25
12,33,0,0,0.0,0.0,0.0
12,34,0,0,0.0,0.0,0.0
12,35,0,0,0.0,0.0,0.0
12,36,0,1,0.0,1.25,1.25
12,37,0,0,0.0,0.0,0.0
12,38,0,0,0.0,0.0,0.0
12,39,0,0,0.0,0.0,0.0
12,40,0,0,0.0,0.0,0.0
12,41,0,0,0.0,0.0,0.0
12,42,0,0,0.0,0.0,0.0
12,43,0,0,0.0,0.0,0.0
12,44,0,0,0.0,0.0,0.0
12,45,0,0,0.0,0.0,0.0
12,46,0,0,0.0,0.0,0.0
12,47,0,0,0.0,0.0,0.0
12,48,0,0,0.0,0.0,0.0
12,49,0,0,0.0,0.0,0.0
12,50,0,0,0.0,0.0,0.0
12,51,0,0,0.0,0.0,0.0
12,52,0,1,0.0,1.25,1.25
12,53,0,0,0.0,0.0,0.0
12,54,0,0,0.0,0.0,0.0
12,55,0,0,0.0,0.0,0.0
12,56,0,0,0.0,0.0,0.0
12,57,0,0,0.0,0.0,0.0
12,58,0,0,0.0,0.0,0.0
12,59,0,0,0.0,0.0,0.0
12,60,0,0,0.0,0.0,0.0
12,61,0,0,0.0,0.0,0.0
12,62,0,0,0.0,0.0,0.0
12,63,0,0,0.0,0.0,0.0
12,64,1,0,1.25,0.0,-1.25
12,65,0,0,0.0,0.0,0.0
12,66,0,0,0.0,0.0,0.0
12,67,0,0,0.0,0.0,0.0
12,68,0,0,0.0,0.0,0.0
12,69,0,0,0.0,0.0,0.0
12,70,0,0,0.0,0.0,0.0
12,71,0,0,0.0,0.0,0.0
12,72,0,0,0.0,0.0,0.0
12,73,0,0,0.0,0.0,0.0
12,74,0,0,0.0,0.0,0.0
12,75,0,0,0.0,0.0,0.0
12,76,0,0,0.0,0.0,0.0
12,77,0,0,0.0,0.0,0.0
12,78,0,0,0.0,0.0,0.0
12,79,0,0,0.0,0.0,0.0
12,80,0,0,0.0,0.0,0.0
12,81,0,0,0.0,0.0,0.0
12,82,0,0,0.0,0.0,0.0
12,83,0,0,0.0,0.0,0.0
12,84,0,1,0.0,1.25,1.25
12,85,0,0,0.0,0.0,0.0
12,86,0,0,0.0,0.0,0.0
12,87,0,0,0.0,0.0,0.0
12,88,0,1,0.0,1.25,1.25
12,89,0,0,0.0,0.0,0.0
12,90,0,0,0.0,0.0,0.0
12,91,0,0,0.0,0.0,0.0
12,92,0,0,0.0,0.0,0.0
12,93,0,0,0.0,0.0,0.0
12,94,0,1,0.0,1.25,1.25
12,95,0,0,0.0,0.0,0.0
12,96,1,0,1.25,0.0,-1.25
12,97,0,0,0.0,0.0,0.0
12,98,0,0,0.0,0.0,0.0
12,99,0,0,0.0,0.0,0.0
12,100,0,0,0.0,0.0,0.0
12,101,0,0,0.0,0.0,0.0
12,102,0,0,0.0,0.0,0.0
12,103,0,0,0.0,0.0,0.0
12,104,0,0,0.0,0.0,0.0
12,105,0,1,0.0,1.25,1.25
12,106,0,0,0.0,0.0,0.0
12,107,1,0,1.25,0.0,-1.25
13,0,0,0,0.0,0.0,0.0
13,1,0,0,0.0,0.0,0.0
13,2,0,1,0.0,1.25,1.25
13,3,0,0,0.0,0.0,0.0
13,4,0,0,0.0,0.0,0.0
13,5,0,0,0.0,0.0,0.0
13,6,0,0,0.0,0.0,0.0
13,7,0,1,0.0,1.25,1.25
13,8,0,0,0.0,0.0,0.0
13,9,0,0,0.0,0.0,0.0
13,10,0,0,0.0,0.0,0.0
13,11,0,0,0.0,0.0,0.0
13,12,0,0,0.0,0.0,0.0
13,13,0,1,0.0,1.25,1.25
13,14,0,0,0.0,0.0,0.0
13,15,0,0,0.0,0.0,0.0
13,16,0,0,0.0,0.0,0.0
13,17,0,0,0.0,0.0,0.0
13,18,0,0,0.0,0.0,0.0
13,19,1,0,1.25,0.0,-1.25
13,20,1,0,1.25,0.0,-1.25
13,21,0,1,0.0,1.25,1.25
13,22,0,0,0.0,0.0,0.0
13,23,0,0,0.0,0.0,0.0
13,24,0,0,0.0,0.0,0.0
13,25,0,0,0.0,0.0,0.0
13,26,0,0,0.0,0.0,0.0
13,27,0,0,0.0,0.0,0.0
13,28,0,0,0.0,0.0,0.0
13,29,0,0,0.0,0.0,0.0
13,30,0,0,0.0,0.0,0.0
13,31,0,0,0.0,0.0,0.0
13,32,1,0,1.25,0.0,-1.25
13,33,0,0,0.0,0.0,0.0
13,34,0,0,0.0,0.0,0.0
13,35,0,0,0.0,0.0,0.0
13,36,0,0,0.0,0.0,0.0
13,37,0,0,0.0,0.0,0.0
13,38,0,0,0.0,0.0,0.0
13,39,0,0,0.0,0.0,0.0
13,40,2,0,2.5,0.0,-2.5
13,41,0,0,0.0,0.0,0.0
13,42,0,0,0.0,0.0,0.0
13,43,0,0,0.0,0.0,0.0
13,44,0,0,0.0,0.0,0.0
13,45,0,0,0.0,0.0,0.0
13,46,0,0,0.0,0.0,0.0
13,47,0,0,0.0,0.0,0.0
13,48,0,1,0.0,1.25,1.25
13,49,0,0,0.0,0.0,0.0
13,50,0,0,0.0,0.0,0.0
13,51,0,0,0.0,0.0,0.0
13,52,0,0,0.0,0.0,0.0
13,53,0,0,0.0,0.0,0.0
13,54,0,0,0.0,0.0,0.0
13,55,0,0,0.0,0.0,0.0
13,56,0,0,0.0,0.0,0.0
13,57,0,0,0.0,0.0,0.0
13,58,0,0,0.0,0.0,0.0
13,59,0,0,0.0,0.0,0.0
13,60,0,0,0.0,0.0,0.0
13,61,0,0,0.0,0.0,0.0
13,62,0,0,0.0,0.0,0.0
13,63,0,0,0.0,0.0,0.0
13,64,0,0,0.0,0.0,0.0
13,65,0,0,0.0,0.0,0.0
13,66,0,0,0.0,0.0,0.0
13,67,0,0,0.0,0.0,0.0
13,68,0,0,0.0,0.0,0.0
13,69,0,0,0.0,0.0,0.0
13,70,0,0,0.0,0.0,0.0
13,71,1,0,1.25,0.0,-1.25
13,72,0,1,0.0,1.25,1.25
13,73,0,0,0.0,0.0,0.0
13,74,0,0,0.0,0.0,0.0
13,75,0,0,0.0,0.0,0.0
13,76,0,0,0.0,0.0,0.0
13,77,0,0,0.0,0.0,0.0
13,78,0,0,0.0,0.0,0.0
13,79,0,0,0.0,0.0,0.0
13,80,0,0,0.0,0.0,0.0
13,81,0,1,0.0,1.25,1.25
13,82,0,0,0.0,0.0,0.0
13,83,0,0,0.0,0.0,0.0
13,84,0,0,0.0,0.0,0.0
13,85,0,0,0.0,0.0,0.0
13,86,0,0,0.0,0.0,0.0
13,87,0,0,0.0,0.0,0.0
13,88,0,1,0.0,1.25,1.25
13,89,0,0,0.0,0.0,0.0
13,90,1,0,1.25,0.0,-1.25
13,91,1,0,1.25,0.0,-1.25
13,92,0,0,0.0,0.0,0.0
13,93,0,0,0.0,0.0,0.0
13,94,0,0,0.0,0.0,0.0
13,95,0,0,0.0,0.0,0.0
13,96,0,0,0.0,0.0,0.0
13,97,0,0,0.0,0.0,0.0
13,98,0,0,0.0,0.0,0.0
13,99,0,0,0.0,0.0,0.0
13,100,0,0,0.0,0.0,0.0
13,101,0,0,0.0,0.0,0.0
13,102,0,0,0.0,0.0,0.0
13,103,0,0,0.0,0.0,0.0
13,104,0,0,0.0,0.0,0.0
13,105,0,0,0.0,0.0,0.0
13,106,0,0,0.0,0.0,0.0
13,107,0,0,0.0,0.0,0.0
14,0,0,0,0.0,0.0,0.0
14,1,0,0,0.0,0.0,0.0
14,2,0,0,0.0,0.0,0.0
14,3,0,0,0.0,0.0,0.0
14,4,0,0,0.0,0.0,0.0
14,5,0,0,0.0,0.0,0.0
14,6,0,0,0.0,0.0,0.0
14,7,0,0,0.0,0.0,0.0
14,8,0,0,0.0,0.0,0.0
14,9,0,0,0.0,0.0,0.0
14,10,0,0,0.0,0.0,0.0
14,11,0,0,0.0,0.0,0.0
14,12,0,0,0.0,0.0,0.0
14,13,0,0,0.0,0.0,0.0
14,14,0,0,0.0,0.0,0.0
14,15,0,0,0.0,0.0,0.0
14,16,0,0,0.0,0.0,0.0
14,17,0,0,0.0,0.0,0.0
14,18,0,0,0.0,0.0,0.0
14,19,0,0,0.0,0.0,0.0
14,20,0,0,0.0,0.0,0.0
14,21,0,0,0.0,0.0,0.0
14,22,0,0,0.0,0.0,0.0
14,23,0,0,0.0,0.0,0.0
14,24,0,0,0.0,0.0,0.0
14,25,0,0,0.0,0.0,0.0
14,26,0,0,0.0,0.0,0.0
14,27,0,0,0.0,0.0,0.0
14,28,0,0,0.0,0.0,0.0
14,29,0,0,0.0,0.0,0.0
14,30,0,0,0.0,0.0,0.0
14,31,0,0,0.0,0.0,0.0
14,32,0,0,0.0,0.0,0.0
14,33,0,0,0.0,0.0,0.0
14,34,0,0,0.0,0.0,0.0
14,35,0,0,0.0,0.0,0.0
14,36,0,0,0.0,0.0,0.0
14,37,0,0,0.0,0.0,0.0
14,38,0,0,0.0,0.0,0.0
14,39,0,0,0.0,0.0,0.0
14,40,0,0,0.0,0.0,0.0
14,41,0,0,0.0,0.0,0.0
14,42,0,0,0.0,0.0,0.0
14,43,0,0,0.0,0.0,0.0
14,44,0,0,0.0,0.0,0.0
14,45,0,1,0.0,1.25,1.25
14,46,0,0,0.0,0.0,0.0
14,47,0,0,0.0,0.0,0.0
14,48,0,0,0.0,0.0,0.0
14,49,0,0,0.0,0.0,0.0
14,50,1,0,1.25,0.0,-1.25
14,51,0,0,0.0,0.0,0.0
14,52,1,0,1.25,0.0,-1.25
14,53,0,0,0.0,0.0,0.0
14,54,0,0,0.0,0.0,0.0
14,55,0,0,0.0,0.0,0.0
14,56,1,0,1.25,0.0,-1.25
14,57,0,0,0.0,0.0,0.0
14,58,0,1,0.0,1.25,1.25
14,59,2,1,2.5,1.25,-1.25
14,60,0,1,0.0,1.25,1.25
14,61,0,0,0.0,0.0,0.0
14,62,0,1,0.0,1.25,1.25
14,63,3,0,3.75,0.0,-3.75
14,64,0,0,0.0,0.0,0.0
14,65,2,1,2.5,1.25,-1.25
14,66,0,0,0.0,0.0,0.0
14,67,0,1,0.0,1.25,1.25
14,68,1,2,1.25,2.5,1.25
14,69,0,1,0.0,1.25,1.25
14,70,0,0,0.0,0.0,0.0
14,71,0,0,0.0,0.0,0.0
14,72,1,1,1.25,1.25,0.0
14,73,0,0,0.0,0.0,0.0
14,74,1,0,1.25,0.0,-1.25
14,75,2,0,2.5,0.0,-2.5
14,76,0,0,0.0,0.0,0.0
14,77,1,0,1.25,0.0,-1.25
14,78,0,0,0.0,0.0,0.0
14,79,0,0,0.0,0.0,0.0
14,80,1,0,1.25,0.0,-1.25
14,81,1,0,1.25,0.0,-1.25
14,82,0,0,0.0,0.0,0.0
14,83,1,0,1.25,0.0,-1.25
14,84,0,0,0.0,0.0,0.0
14,85,0,0,0.0,0.0,0.0
14,86,0,0,0.0,0.0,0.0
14,87,1,1,1.25,1.25,0.0
14,88,0,0,0.0,0.0,0.0
14,89,0,0,0.0,0.0,0.0
14,90,1,0,1.25,0.0,-1.25
14,91,0,1,0.0,1.25,1.25
14,92,0,0,0.0,0.0,0.0
14,93,1,0,1.25,0.0,-1.25
14,94,1,0,1.25,0.0,-1.25
14,95,1,0,1.25,0.0,-1.25
14,96,0,0,0.0,0.0,0.0
14,97,0,3,0.0,3.75,3.75
14,98,0,0,0.0,0.0,0.0
14,99,0,1,0.0,1.25,1.25
14,100,0,0,0.0,0.0,0.0
14,101,1,0,1.25,0.0,-1.25
14,102,0,0,0.0,0.0,0.0
14,103,0,0,0.0,0.0,0.0
14,104,0,0,0.0,0.0,0.0
14,105,0,2,0.0,2.5,2.5
14,106,0,0,0.0,0.0,0.0
14,107,2,2,2.5,2.5,0.0
15,0,6,14,7.5,17.5,10.0
15,1,2,2,2.5,2.5,0.0
15,2,1,4,1.25,5.0,3.75
15,3,5,1,6.25,1.25,-5.0
15,4,5,2,6.25,2.5,-3.75
15,5,3,2,3.75,2.5,-1.25
15,6,9,2,11.25,2.5,-8.75
15,7,3,6,3.75,7.5,3.75
15,8,6,2,7.5,2.5,-5.0
15,9,0,5,0.0,6.25,6.25
15,10,2,3,2.5,3.75,1.25
15,11,2,1,2.5,1.25,-1.25
15,12,1,1,1.25,1.25,0.0
15,13,2,0,2.5,0.0,-2.5
15,14,3,1,3.75,1.25,-2.5
15,15,2,3,2.5,3.75,1.25
15,16,3,3,3.75,3.75,0.0
15,17,4,9,5.0,11.25,6.25
15,18,1,9,1.25,11.25,10.0
15,19,1,2,1.25,2.5,1.25
15,20,4,7,5.0,8.75,3.75
15,21,6,3,7.5,3.75,-3.75
15,22,1,9,1.25,11.25,10.0
15,23,5,2,6.25,2.5,-3.75
15,24,1,5,1.25,6.25,5.0
15,25,5,7,6.25,8.75,2.5
15,26,3,9,3.75,11.25,7.5
15,27,2,6,2.5,7.5,5.0
15,28,4,5,5.0,6.25,1.25
15,29,2,5,2.5,6.25,3.75
15,30,3,6,3.75,7.5,3.75
15,31,1,7,1.25,8.75,7.5
15,32,4,3,5.0,3.75,-1.25
15,33,0,3,0.0,3.75,3.75
15,34,6,4,7.5,5.0,-2.5
15,35,5,6,6.25,7.5,1.25
15,36,3,6,3.75,7.5,3.75
15,37,3,11,3.75,13.75,10.0
15,38,2,12,2.5,15.0,12.5
15,39,7,8,8.75,10.0,1.25
15,40,1,6,1.25,7.5,6.25
15,41,3,8,3.75,10.0,6.25
15,42,4,4,5.0,5.0,0.0
15,43,2,6,2.5,7.5,5.0
15,44,5,5,6.25,6.25,0.0
15,45,4,7,5.0,8.75,3.75
15,46,2,1,2.5,1.25,-1.25
15,47,4,3,5.0,3.75,-1.25
15,48,3,3,3.75,3.75,0.0
15,49,2,4,2.5,5.0,2.5
15,50,5,3,6.25,3.75,-2.5
15,51,5,1,6.25,1.25,-5.0
15,52,2,4,2.5,5.0,2.5
15,53,2,7,2.5,8.75,6.25
15,54,5,5,6.25,6.25,0.0
15,55,2,1,2.5,1.25,-1.25
15,56,3,5,3.75,6.25,2.5
15,57,2,2,2.5,2.5,0.0
15,58,4,2,5.0,2.5,-2.5
15,59,2,1,2.5,1.25,-1.25
15,60,0,5,0.0,6.25,6.25
15,61,4,0,5.0,0.0,-5.0
15,62,5,5,6.25,6.25,0.0
15,63,9,5,11.25,6.25,-5.0
15,64,2,0,2.5,0.0,-2.5
15,65,2,2,2.5,2.5,0.0
15,66,3,1,3.75,1.25,-2.5
15,67,2,5,2.5,6.25,3.75
15,68,1,4,1.25,5.0,3.75
15,69,1,4,1.25,5.0,3.75
15,70,5,2,6.25,2.5,-3.75
15,71,3,0,3.75,0.0,-3.75
15,72,6,2,7.5,2.5,-5.0
15,73,5,1,6.25,1.25,-5.0
15,74,6,8,7.5,10.0,2.5
15,75,4,2,5.0,2.5,-2.5
15,76,1,3,1.25,3.75,2.5
15,77,5,4,6.25,5.0,-1.25
15,78,7,0,8.75,0.0,-8.75
15,79,4,4,5.0,5.0,0.0
15,80,5,0,6.25,0.0,-6.25
15,81,1,3,1.25,3.75,2.5
15,82,4,4,5.0,5.0,0.0
15,83,5,3,6.25,3.75,-2.5
15,84,3,1,3.75,1.25,-2.5
15,85,3,0,3.75,0.0,-3.75
15,86,4,3,5.0,3.75,-1.25
15,87,6,13,7.5,16.25,8.75
15,88,7,2,8.75,2.5,-6.25
15,89,3,5,3.75,6.25,2.5
15,90,4,11,5.0,13.75,8.75
15,91,8,2,10.0,2.5,-7.5
15,92,7,2,8.75,2.5,-6.25
15,93,3,2,3.75,2.5,-1.25
15,94,2,6,2.5,7.5,5.0
15,95,4,2,5.0,2.5,-2.5
15,96,5,1,6.25,1.25,-5.0
15,97,1,5,1.25,6.25,5.0
15,98,0,1,0.0,1.25,1.25
15,99,4,4,5.0,5.0,0.0
15,100,4,3,5.0,3.75,-1.25
15,101,3,1,3.75,1.25,-2.5
15,102,1,8,1.25,10.0,8.75
15,103,1,9,1.25,11.25,10.0
15,104,0,3,0.0,3.75,3.75
15,105,3,11,3.75,13.75,10.0
15,106,3,6,3.75,7.5,3.75
15,107,8,5,10.0,6.25,-3.75
16,0,0,1,0.0,1.25,1.25
16,1,0,0,0.0,0.0,0.0
16,2,0,0,0.0,0.0,0.0
16,3,0,0,0.0,0.0,0.0
16,4,0,0,0.0,0.0,0.0
16,5,0,0,0.0,0.0,0.0
16,6,2,1,2.5,1.25,-1.25
16,7,0,0,0.0,0.0,0.0
16,8,0,0,0.0,0.0,0.0
16,9,0,0,0.0,0.0,0.0
16,10,0,0,0.0,0.0,0.0
16,11,0,0,0.0,0.0,0.0
16,12,0,0,0.0,0.0,0.0
16,13,0,0,0.0,0.0,0.0
16,14,2,1,2.5,1.25,-1.25
16,15,1,0,1.25,0.0,-1.25
16,16,1,0,1.25,0.0,-1.25
16,17,1,0,1.25,0.0,-1.25
16,18,0,0,0.0,0.0,0.0
16,19,0,0,0.0,0.0,0.0
16,20,0,0,0.0,0.0,0.0
16,21,0,0,0.0,0.0,0.0
16,22,1,0,1.25,0.0,-1.25
16,23,0,0,0.0,0.0,0.0
16,24,0,0,0.0,0.0,0.0
16,25,0,0,0.0,0.0,0.0
16,26,0,0,0.0,0.0,0.0
16,27,0,0,0.0,0.0,0.0
16,28,0,0,0.0,0.0,0.0
16,29,0,0,0.0,0.0,0.0
16,30,0,0,0.0,0.0,0.0
16,31,0,0,0.0,0.0,0.0
16,32,0,0,0.0,0.0,0.0
16,33,0,0,0.0,0.0,0.0
16,34,0,0,0.0,0.0,0.0
16,35,0,0,0.0,0.0,0.0
16,36,2,1,2.5,1.25,-1.25
16,37,0,0,0.0,0.0,0.0
16,38,0,0,0.0,0.0,0.0
16,39,0,0,0.0,0.0,0.0
16,40,0,0,0.0,0.0,0.0
16,41,0,0,0.0,0.0,0.0
16,42,0,0,0.0,0.0,0.0
16,43,0,0,0.0,0.0,0.0
16,44,0,1,0.0,1.25,1.25
16,45,0,0,0.0,0.0,0.0
16,46,0,1,0.0,1.25,1.25
16,47,2,0,2.5,0.0,-2.5
16,48,0,0,0.0,0.0,0.0
16,49,0,0,0.0,0.0,0.0
16,50,0,0,0.0,0.0,0.0
16,51,0,0,0.0,0.0,0.0
16,52,0,0,0.0,0.0,0.0
16,53,0,0,0.0,0.0,0.0
16,54,0,0,0.0,0.0,0.0
16,55,0,0,0.0,0.0,0.0
16,56,0,0,0.0,0.0,0.0
16,57,0,0,0.0,0.0,0.0
16,58,0,1,0.0,1.25,1.25
16,59,0,0,0.0,0.0,0.0
16,60,0,0,0.0,0.0,0.0
16,61,0,0,0.0,0.0,0.0
16,62,1,0,1.25,0.0,-1.25
16,63,0,0,0.0,0.0,0.0
16,64,1,0,1.25,0.0,-1.25
16,65,0,0,0.0,0.0,0.0
16,66,0,0,0.0,0.0,0.0
16,67,0,0,0.0,0.0,0.0
16,68,1,0,1.25,0.0,-1.25
16,69,0,0,0.0,0.0,0.0
16,70,0,0,0.0,0.0,0.0
16,71,0,0,0.0,0.0,0.0
16,72,0,0,0.0,0.0,0.0
16,73,0,0,0.0,0.0,0.0
16,74,0,0,0.0,0.0,0.0
16,75,0,0,0.0,0.0,0.0
16,76,0,0,0.0,0.0,0.0
16,77,0,0,0.0,0.0,0.0
16,78,0,0,0.0,0.0,0.0
16,79,0,0,0.0,0.0,0.0
16,80,0,0,0.0,0.0,0.0
16,81,0,0,0.0,0.0,0.0
16,82,0,0,0.0,0.0,0.0
16,83,0,0,0.0,0.0,0.0
16,84,0,0,0.0,0.0,0.0
16,85,0,0,0.0,0.0,0.0
16,86,0,0,0.0,0.0,0.0
16,87,1,0,1.25,0.0,-1.25
16,88,0,0,0.0,0.0,0.0
16,89,0,0,0.0,0.0,0.0
16,90,0,0,0.0,0.0,0.0
16,91,0,0,0.0,0.0,0.0
16,92,0,0,0.0,0.0,0.0
16,93,0,0,0.0,0.0,0.0
16,94,0,0,0.0,0.0,0.0
16,95,0,0,0.0,0.0,0.0
16,96,4,0,5.0,0.0,-5.0
16,97,0,0,0.0,0.0,0.0
16,98,0,0,0.0,0.0,0.0
16,99,0,0,0.0,0.0,0.0
16,100,0,1,0.0,1.25,1.25
16,101,0,0,0.0,0.0,0.0
16,102,0,0,0.0,0.0,0.0
16,103,0,0,0.0,0.0,0.0
16,104,0,0,0.0,0.0,0.0
16,105,0,0,0.0,0.0,0.0
16,106,0,0,0.0,0.0,0.0
16,107,0,0,0.0,0.0,0.0
17,0,0,0,0.0,0.0,0.0
17,1,1,0,1.25,0.0,-1.25
17,2,0,2,0.0,2.5,2.5
17,3,1,1,1.25,1.25,0.0
17,4,0,1,0.0,1.25,1.25
17,5,0,0,0.0,0.0,0.0
17,6,1,2,1.25,2.5,1.25
17,7,0,2,0.0,2.5,2.5
17,8,0,0,0.0,0.0,0.0
17,9,2,0,2.5,0.0,-2.5
17,10,1,1,1.25,1.25,0.0
17,11,3,1,3.75,1.25,-2.5
17,12,1,1,1.25,1.25,0.0
17,13,0,0,0.0,0.0,0.0
17,14,0,1,0.0,1.25,1.25
17,15,1,2,1.25,2.5,1.25
17,16,0,0,0.0,0.0,0.0
17,17,0,3,0.0,3.75,3.75
17,18,2,3,2.5,3.75,1.25
17,19,1,2,1.25,2.5,1.25
17,20,0,1,0.0,1.25,1.25
17,21,0,1,0.0,1.25,1.25
17,22,0,2,0.0,2.5,2.5
17,23,1,1,1.25,1.25,0.0
17,24,1,5,1.25,6.25,5.0
17,25,4,2,5.0,2.5,-2.5
17,26,1,2,1.25,2.5,1.25
17,27,1,1,1.25,1.25,0.0
17,28,2,3,2.5,3.75,1.25
17,29,2,1,2.5,1.25,-1.25
17,30,1,1,1.25,1.25,0.0
17,31,0,0,0.0,0.0,0.0
17,32,4,2,5.0,2.5,-2.5
17,33,2,1,2.5,1.25,-1.25
17,34,1,1,1.25,1.25,0.0
17,35,0,0,0.0,0.0,0.0
17,36,2,1,2.5,1.25,-1.25
17,37,1,2,1.25,2.5,1.25
17,38,2,1,2.5,1.25,-1.25
17,39,3,1,3.75,1.25,-2.5
17,40,2,2,2.5,2.5,0.0
17,41,1,0,1.25,0.0,-1.25
17,42,3,0,3.75,0.0,-3.75
17,43,0,1,0.0,1.25,1.25
17,44,0,0,0.0,0.0,0.0
17,45,1,0,1.25,0.0,-1.25
17,46,0,0,0.0,0.0,0.0
17,47,2,5,2.5,6.25,3.75
17,48,0,1,0.0,1.25,1.25
17,49,3,1,3.75,1.25,-2.5
17,50,1,0,1.25,0.0,-1.25
17,51,0,0,0.0,0.0,0.0
17,52,1,1,1.25,1.25,0.0
17,53,0,2,0.0,2.5,2.5
17,54,0,1,0.0,1.25,1.25
17,55,2,2,2.5,2.5,0.0
17,56,1,4,1.25,5.0,3.75
17,57,1,0,1.25,0.0,-1.25
17,58,0,2,0.0,2.5,2.5
17,59,0,0,0.0,0.0,0.0
17,60,1,2,1.25,2.5,1.25
17,61,1,0,1.25,0.0,-1.25
17,62,0,1,0.0,1.25,1.25
17,63,3,2,3.75,2.5,-1.25
17,64,1,0,1.25,0.0,-1.25
17,65,4,1,5.0,1.25,-3.75
17,66,3,1,3.75,1.25,-2.5
17,67,2,1,2.5,1.25,-1.25
17,68,3,0,3.75,0.0,-3.75
17,69,2,0,2.5,0.0,-2.5
17,70,3,1,3.75,1.25,-2.5
17,71,0,1,0.0,1.25,1.25
17,72,1,1,1.25,1.25,0.0
17,73,2,0,2.5,0.0,-2.5
17,74,4,2,5.0,2.5,-2.5
17,75,2,1,2.5,1.25,-1.25
17,76,0,0,0.0,0.0,0.0
17,77,1,0,1.25,0.0,-1.25
17,78,0,5,0.0,6.25,6.25
17,79,1,1,1.25,1.25,0.0
17,80,0,3,0.0,3.75,3.75
17,81,0,0,0.0,0.0,0.0
17,82,2,0,2.5,0.0,-2.5
17,83,1,1,1.25,1.25,0.0
17,84,0,0,0.0,0.0,0.0
17,85,1,3,1.25,3.75,2.5
17,86,1,1,1.25,1.25,0.0
17,87,1,2,1.25,2.5,1.25
17,88,1,1,1.25,1.25,0.0
17,89,1,2,1.25,2.5,1.25
17,90,0,1,0.0,1.25,1.25
17,91,1,4,1.25,5.0,3.75
17,92,0,1,0.0,1.25,1.25
17,93,1,1,1.25,1.25,0.0
17,94,2,3,2.5,3.75,1.25
17,95,1,1,1.25,1.25,0.0
17,96,2,4,2.5,5.0,2.5
17,97,1,4,1.25,5.0,3.75
17,98,1,3,1.25,3.75,2.5
17,99,0,1,0.0,1.25,1.25
17,100,2,0,2.5,0.0,-2.5
17,101,4,1,5.0,1.25,-3.75
17,102,5,1,6.25,1.25,-5.0
17,103,1,0,1.25,0.0,-1.25
17,104,0,1,0.0,1.25,1.25
17,105,0,0,0.0,0.0,0.0
17,106,0,1,0.0,1.25,1.25
17,107,1,1,1.25,1.25,0.0
18,0,2,3,2.5,3.75,1.25
18,1,3,3,3.75,3.75,0.0
18,2,4,10,5.0,12.5,7.5
18,3,1,3,1.25,3.75,2.5
18,4,3,6,3.75,7.5,3.75
18,5,2,3,2.5,3.75,1.25
18,6,5,2,6.25,2.5,-3.75
18,7,4,8,5.0,10.0,5.0
18,8,3,6,3.75,7.5,3.75
18,9,4,6,5.0,7.5,2.5
18,10,2,6,2.5,7.5,5.0
18,11,1,7,1.25,8.75,7.5
18,12,3,7,3.75,8.75,5.0
18,13,6,3,7.5,3.75,-3.75
18,14,4,1,5.0,1.25,-3.75
18,15,1,4,1.25,5.0,3.75
18,16,3,0,3.75,0.0,-3.75
18,17,4,2,5.0,2.5,-2.5
18,18,5,5,6.25,6.25,0.0
18,19,3,9,3.75,11.25,7.5
18,20,6,9,7.5,11.25,3.75
18,21,2,11,2.5,13.75,11.25
18,22,6,6,7.5,7.5,0.0
18,23,3,7,3.75,8.75,5.0
18,24,2,4,2.5,5.0,2.5
18,25,2,2,2.5,2.5,0.0
18,26,4,5,5.0,6.25,1.25
18,27,5,6,6.25,7.5,1.25
18,28,8,4,10.0,5.0,-5.0
18,29,1,5,1.25,6.25,5.0
18,30,3,4,3.75,5.0,1.25
18,31,6,9,7.5,11.25,3.75
18,32,7,3,8.75,3.75,-5.0
18,33,5,7,6.25,8.75,2.5
18,34,4,7,5.0,8.75,3.75
18,35,2,2,2.5,2.5,0.0
18,36,2,3,2.5,3.75,1.25
18,37,7,8,8.75,10.0,1.25
18,38,4,9,5.0,11.25,6.25
18,39,2,3,2.5,3.75,1.25
18,40,5,1,6.25,1.25,-5.0
18,41,3,5,3.75,6.25,2.5
18,42,2,7,2.5,8.75,6.25
18,43,9,4,11.25,5.0,-6.25
18,44,6,2,7.5,2.5,-5.0
18,45,4,3,5.0,3.75,-1.25
18,46,4,6,5.0,7.5,2.5
18,47,6,5,7.5,6.25,-1.25
18,48,4,8,5.0,10.0,5.0
18,49,2,3,2.5,3.75,1.25
18,50,4,0,5.0,0.0,-5.0
18,51,3,3,3.75,3.75,0.0
18,52,3,3,3.75,3.75,0.0
18,53,3,1,3.75,1.25,-2.5
18,54,5,3,6.25,3.75,-2.5
18,55,2,4,2.5,5.0,2.5
18,56,2,7,2.5,8.75,6.25
18,57,3,2,3.75,2.5,-1.25
18,58,2,4,2.5,5.0,2.5
18,59,2,5,2.5,6.25,3.75
18,60,1,4,1.25,5.0,3.75
18,61,3,1,3.75,1.25,-2.5
18,62,1,4,1.25,5.0,3.75
18,63,1,6,1.25,7.5,6.25
18,64,8,0,10.0,0.0,-10.0
18,65,2,2,2.5,2.5,0.0
18,66,7,6,8.75,7.5,-1.25
18,67,3,0,3.75,0.0,-3.75
18,68,4,7,5.0,8.75,3.75
18,69,4,3,5.0,3.75,-1.25
18,70,4,8,5.0,10.0,5.0
18,71,2,2,2.5,2.5,0.0
18,72,5,3,6.25,3.75,-2.5
18,73,1,5,1.25,6.25,5.0
18,74,4,4,5.0,5.0,0.0
18,75,6,2,7.5,2.5,-5.0
18,76,5,6,6.25,7.5,1.25
18,77,5,5,6.25,6.25,0.0
18,78,2,6,2.5,7.5,5.0
18,79,5,6,6.25,7.5,1.25
18,80,5,4,6.25,5.0,-1.25
18,81,4,1,5.0,1.25,-3.75
18,82,3,3,3.75,3.75,0.0
18,83,5,4,6.25,5.0,-1.25
18,84,2,6,2.5,7.5,5.0
18,85,3,0,3.75,0.0,-3.75
18,86,2,1,2.5,1.25,-1.25
18,87,0,2,0.0,2.5,2.5
18,88,5,1,6.25,1.25,-5.0
18,89,1,5,1.25,6.25,5.0
18,90,3,3,3.75,3.75,0.0
18,91,5,9,6.25,11.25,5.0
18,92,2,1,2.5,1.25,-1.25
18,93,5,7,6.25,8.75,2.5
18,94,2,5,2.5,6.25,3.75
18,95,1,6,1.25,7.5,6.25
18,96,4,2,5.0,2.5,-2.5
18,97,3,6,3.75,7.5,3.75
18,98,4,9,5.0,11.25,6.25
18,99,2,4,2.5,5.0,2.5
18,100,3,1,3.75,1.25,-2.5
18,101,9,4,11.25,5.0,-6.25
18,102,2,5,2.5,6.25,3.75
18,103,3,1,3.75,1.25,-2.5
18,104,0,1,0.0,1.25,1.25
18,105,5,2,6.25,2.5,-3.75
18,106,2,2,2.5,2.5,0.0
18,107,2,3,2.5,3.75,1.25
19,0,0,0,0.0,0.0,0.0
19,1,0,0,0.0,0.0,0.0
19,2,0,0,0.0,0.0,0.0
19,3,0,0,0.0,0.0,0.0
19,4,0,0,0.0,0.0,0.0
19,5,0,0,0.0,0.0,0.0
19,6,0,0,0.0,0.0,0.0
19,7,0,0,0.0,0.0,0.0
19,8,0,0,0.0,0.0,0.0
19,9,0,1,0.0,1.25,1.25
19,10,2,3,2.5,3.75,1.25
19,11,1,2,1.25,2.5,1.25
19,12,2,1,2.5,1.25,-1.25
19,13,1,0,1.25,0.0,-1.25
19,14,0,0,0.0,0.0,0.0
19,15,0,0,0.0,0.0,0.0
19,16,0,0,0.0,0.0,0.0
19,17,0,0,0.0,0.0,0.0
19,18,0,0,0.0,0.0,0.0
19,19,0,0,0.0,0.0,0.0
19,20,0,0,0.0,0.0,0.0
19,21,0,0,0.0,0.0,0.0
19,22,0,0,0.0,0.0,0.0
19,23,0,0,0.0,0.0,0.0
19,24,0,0,0.0,0.0,0.0
19,25,0,0,0.0,0.0,0.0
19,26,0,0,0.0,0.0,0.0
19,27,0,0,0.0,0.0,0.0
19,28,0,0,0.0,0.0,0.0
19,29,0,0,0.0,0.0,0.0
19,30,0,0,0.0,0.0,0.0
19,31,0,0,0.0,0.0,0.0
19,32,0,0,0.0,0.0,0.0
19,33,0,0,0.0,0.0,0.0
19,34,0,0,0.0,0.0,0.0
19,35,0,0,0.0,0.0,0.0
19,36,0,0,0.0,0.0,0.0
19,37,0,0,0.0,0.0,0.0
19,38,0,0,0.0,0.0,0.0
19,39,0,0,0.0,0.0,0.0
19,40,0,0,0.0,0.0,0.0
19,41,0,0,0.0,0.0,0.0
19,42,0,0,0.0,0.0,0.0
19,43,0,0,0.0,0.0,0.0
19,44,0,0,0.0,0.0,0.0
19,45,0,0,0.0,0.0,0.0
19,46,0,0,0.0,0.0,0.0
19,47,0,0,0.0,0.0,0.0
19,48,0,0,0.0,0.0,0.0
19,49,0,0,0.0,0.0,0.0
19,50,0,0,0.0,0.0,0.0
19,51,0,0,0.0,0.0,0.0
19,52,0,0,0.0,0.0,0.0
19,53,0,0,0.0,0.0,0.0
19,54,0,0,0.0,0.0,0.0
19,55,0,0,0.0,0.0,0.0
19,56,0,0,0.0,0.0,0.0
19,57,0,0,0.0,0.0,0.0
19,58,0,0,0.0,0.0,0.0
19,59,0,0,0.0,0.0,0.0
19,60,0,0,0.0,0.0,0.0
19,61,0,0,0.0,0.0,0.0
19,62,0,0,0.0,0.0,0.0
19,63,0,0,0.0,0.0,0.0
19,64,0,0,0.0,0.0,0.0
19,65,0,0,0.0,0.0,0.0
19,66,0,0,0.0,0.0,0.0
19,67,0,0,0.0,0.0,0.0
19,68,0,0,0.0,0.0,0.0
19,69,0,0,0.0,0.0,0.0
19,70,0,0,0.0,0.0,0.0
19,71,0,0,0.0,0.0,0.0
19,72,0,0,0.0,0.0,0.0
19,73,0,0,0.0,0.0,0.0
19,74,0,0,0.0,0.0,0.0
19,75,0,0,0.0,0.0,0.0
19,76,0,0,0.0,0.0,0.0
19,77,0,0,0.0,0.0,0.0
19,78,0,0,0.0,0.0,0.0
19,79,0,0,0.0,0.0,0.0
19,80,0,0,0.0,0.0,0.0
19,81,0,0,0.0,0.0,0.0
19,82,0,0,0.0,0.0,0.0
19,83,0,0,0.0,0.0,0.0
19,84,0,0,0.0,0.0,0.0
19,85,0,0,0.0,0.0,0.0
19,86,0,0,0.0,0.0,0.0
19,87,0,0,0.0,0.0,0.0
19,88,0,0,0.0,0.0,0.0
19,89,0,0,0.0,0.0,0.0
19,90,0,0,0.0,0.0,0.0
19,91,0,0,0.0,0.0,0.0
19,92,0,0,0.0,0.0,0.0
19,93,0,0,0.0,0.0,0.0
19,94,0,0,0.0,0.0,0.0
19,95,0,0,0.0,0.0,0.0
19,96,0,0,0.0,0.0,0.0
19,97,0,0,0.0,0.0,0.0
19,98,0,0,0.0,0.0,0.0
19,99,0,0,0.0,0.0,0.0
19,100,0,0,0.0,0.0,0.0
19,101,0,0,0.0,0.0,0.0
19,102,0,0,0.0,0.0,0.0
19,103,0,0,0.0,0.0,0.0
19,104,0,0,0.0,0.0,0.0
19,105,0,0,0.0,0.0,0.0
19,106,0,0,0.0,0.0,0.0
19,107,0,0,0.0,0.0,0.0
20,0,0,0,0.0,0.0,0.0
20,1,0,1,0.0,1.25,1.25
20,2,1,0,1.25,0.0,-1.25
20,3,0,0,0.0,0.0,0.0
20,4,1,0,1.25,0.0,-1.25
20,5,0,2,0.0,2.5,2.5
20,6,2,1,2.5,1.25,-1.25
20,7,1,2,1.25,2.5,1.25
20,8,3,5,3.75,6.25,2.5
20,9,4,2,5.0,2.5,-2.5
20,10,1,2,1.25,2.5,1.25
20,11,1,1,1.25,1.25,0.0
20,12,0,2,0.0,2.5,2.5
20,13,0,2,0.0,2.5,2.5
20,14,0,0,0.0,0.0,0.0
20,15,0,0,0.0,0.0,0.0
20,16,0,0,0.0,0.0,0.0
20,17,0,1,0.0,1.25,1.25
20,18,0,0,0.0,0.0,0.0
20,19,0,1,0.0,1.25,1.25
20,20,0,2,0.0,2.5,2.5
20,21,0,0,0.0,0.0,0.0
20,22,0,0,0.0,0.0,0.0
20,23,0,1,0.0,1.25,1.25
20,24,0,0,0.0,0.0,0.0
20,25,0,0,0.0,0.0,0.0
20,26,0,0,0.0,0.0,0.0
20,27,0,0,0.0,0.0,0.0
20,28,0,0,0.0,0.0,0.0
20,29,0,0,0.0,0.0,0.0
20,30,0,0,0.0,0.0,0.0
20,31,0,0,0.0,0.0,0.0
20,32,0,0,0.0,0.0,0.0
20,33,0,0,0.0,0.0,0.0
20,34,0,0,0.0,0.0,0.0
20,35,0,0,0.0,0.0,0.0
20,36,0,2,0.0,2.5,2.5
20,37,0,2,0.0,2.5,2.5
20,38,1,0,1.25,0.0,-1.25
20,39,0,0,0.0,0.0,0.0
20,40,0,1,0.0,1.25,1.25
20,41,0,0,0.0,0.0,0.0
20,42,0,0,0.0,0.0,0.0
20,43,0,1,0.0,1.25,1.25
20,44,0,0,0.0,0.0,0.0
20,45,1,0,1.25,0.0,-1.25
20,46,0,0,0.0,0.0,0.0
20,47,0,0,0.0,0.0,0.0
20,48,0,0,0.0,0.0,0.0
20,49,0,0,0.0,0.0,0.0
20,50,0,1,0.0,1.25,1.25
20,51,1,0,1.25,0.0,-1.25
20,52,0,0,0.0,0.0,0.0
20,53,0,0,0.0,0.0,0.0
20,54,0,0,0.0,0.0,0.0
20,55,0,0,0.0,0.0,0.0
20,56,0,0,0.0,0.0,0.0
20,57,0,0,0.0,0.0,0.0
20,58,0,0,0.0,0.0,0.0
20,59,0,0,0.0,0.0,0.0
20,60,0,0,0.0,0.0,0.0
20,61,1,0,1.25,0.0,-1.25
20,62,0,0,0.0,0.0,0.0
20,63,0,0,0.0,0.0,0.0
20,64,0,0,0.0,0.0,0.0
20,65,0,0,0.0,0.0,0.0
20,66,0,0,0.0,0.0,0.0
20,67,0,0,0.0,0.0,0.0
20,68,0,0,0.0,0.0,0.0
20,69,0,0,0.0,0.0,0.0
20,70,0,0,0.0,0.0,0.0
20,71,1,0,1.25,0.0,-1.25
20,72,0,1,0.0,1.25,1.25
20,73,0,0,0.0,0.0,0.0
20,74,1,0,1.25,0.0,-1.25
20,75,0,0,0.0,0.0,0.0
20,76,0,0,0.0,0.0,0.0
20,77,0,0,0.0,0.0,0.0
20,78,0,0,0.0,0.0,0.0
20,79,0,0,0.0,0.0,0.0
20,80,0,1,0.0,1.25,1.25
20,81,0,0,0.0,0.0,0.0
20,82,0,0,0.0,0.0,0.0
20,83,0,0,0.0,0.0,0.0
20,84,0,0,0.0,0.0,0.0
20,85,0,0,0.0,0.0,0.0
20,86,0,1,0.0,1.25,1.25
20,87,1,1,1.25,1.25,0.0
20,88,1,0,1.25,0.0,-1.25
20,89,0,0,0.0,0.0,0.0
20,90,0,0,0.0,0.0,0.0
20,91,0,0,0.0,0.0,0.0
20,92,0,0,0.0,0.0,0.0
20,93,0,0,0.0,0.0,0.0
20,94,0,2,0.0,2.5,2.5
20,95,0,1,0.0,1.25,1.25
20,96,0,0,0.0,0.0,0.0
20,97,0,0,0.0,0.0,0.0
20,98,0,0,0.0,0.0,0.0
20,99,0,0,0.0,0.0,0.0
20,100,0,0,0.0,0.0,0.0
20,101,0,0,0.0,0.0,0.0
20,102,1,0,1.25,0.0,-1.25
20,103,0,0,0.0,0.0,0.0
20,104,1,0,1.25,0.0,-1.25
20,105,0,0,0.0,0.0,0.0
20,106,0,0,0.0,0.0,0.0
20,107,0,1,0.0,1.25,1.25
21,0,0,3,0.0,3.75,3.75
21,1,0,2,0.0,2.5,2.5
21,2,6,2,7.5,2.5,-5.0
21,3,3,2,3.75,2.5,-1.25
21,4,2,4,2.5,5.0,2.5
21,5,3,4,3.75,5.0,1.25
21,6,1,2,1.25,2.5,1.25
21,7,4,5,5.0,6.25,1.25
21,8,2,4,2.5,5.0,2.5
21,9,1,4,1.25,5.0,3.75
21,10,2,1,2.5,1.25,-1.25
21,11,0,2,0.0,2.5,2.5
21,12,0,3,0.0,3.75,3.75
21,13,2,2,2.5,2.5,0.0
21,14,2,4,2.5,5.0,2.5
21,15,2,4,2.5,5.0,2.5
21,16,1,1,1.25,1.25,0.0
21,17,1,4,1.25,5.0,3.75
21,18,2,1,2.5,1.25,-1.25
21,19,4,4,5.0,5.0,0.0
21,20,1,5,1.25,6.25,5.0
21,21,3,3,3.75,3.75,0.0
21,22,5,5,6.25,6.25,0.0
21,23,6,7,7.5,8.75,1.25
21,24,2,1,2.5,1.25,-1.25
21,25,2,4,2.5,5.0,2.5
21,26,5,2,6.25,2.5,-3.75
21,27,5,2,6.25,2.5,-3.75
21,28,6,4,7.5,5.0,-2.5
21,29,0,3,0.0,3.75,3.75
21,30,1,7,1.25,8.75,7.5
21,31,1,1,1.25,1.25,0.0
21,32,5,2,6.25,2.5,-3.75
21,33,5,3,6.25,3.75,-2.5
21,34,7,3,8.75,3.75,-5.0
21,35,2,1,2.5,1.25,-1.25
21,36,2,7,2.5,8.75,6.25
21,37,2,5,2.5,6.25,3.75
21,38,3,2,3.75,2.5,-1.25
21,39,1,1,1.25,1.25,0.0
21,40,3,6,3.75,7.5,3.75
21,41,1,4,1.25,5.0,3.75
21,42,3,3,3.75,3.75,0.0
21,43,4,3,5.0,3.75,-1.25
21,44,0,1,0.0,1.25,1.25
21,45,2,4,2.5,5.0,2.5
21,46,4,3,5.0,3.75,-1.25
21,47,1,4,1.25,5.0,3.75
21,48,1,4,1.25,5.0,3.75
21,49,1,2,1.25,2.5,1.25
21,50,5,5,6.25,6.25,0.0
21,51,4,1,5.0,1.25,-3.75
21,52,5,2,6.25,2.5,-3.75
21,53,1,3,1.25,3.75,2.5
21,54,2,4,2.5,5.0,2.5
21,55,2,1,2.5,1.25,-1.25
21,56,3,4,3.75,5.0,1.25
21,57,4,5,5.0,6.25,1.25
21,58,7,1,8.75,1.25,-7.5
21,59,4,4,5.0,5.0,0.0
21,60,3,5,3.75,6.25,2.5
21,61,1,2,1.25,2.5,1.25
21,62,1,1,1.25,1.25,0.0
21,63,4,3,5.0,3.75,-1.25
21,64,3,1,3.75,1.25,-2.5
21,65,1,0,1.25,0.0,-1.25
21,66,4,4,5.0,5.0,0.0
21,67,1,2,1.25,2.5,1.25
21,68,0,3,0.0,3.75,3.75
21,69,5,2,6.25,2.5,-3.75
21,70,0,5,0.0,6.25,6.25
21,71,5,2,6.25,2.5,-3.75
21,72,4,3,5.0,3.75,-1.25
21,73,7,1,8.75,1.25,-7.5
21,74,6,5,7.5,6.25,-1.25
21,75,2,1,2.5,1.25,-1.25
21,76,4,3,5.0,3.75,-1.25
21,77,5,4,6.25,5.0,-1.25
21,78,3,8,3.75,10.0,6.25
21,79,1,3,1.25,3.75,2.5
21,80,2,3,2.5,3.75,1.25
21,81,2,6,2.5,7.5,5.0
21,82,1,6,1.25,7.5,6.25
21,83,5,2,6.25,2.5,-3.75
21,84,4,2,5.0,2.5,-2.5
21,85,2,3,2.5,3.75,1.25
21,86,4,3,5.0,3.75,-1.25
21,87,2,2,2.5,2.5,0.0
21,88,4,3,5.0,3.75,-1.25
21,89,5,4,6.25,5.0,-1.25
21,90,5,4,6.25,5.0,-1.25
21,91,2,2,2.5,2.5,0.0
21,92,4,4,5.0,5.0,0.0
21,93,2,1,2.5,1.25,-1.25
21,94,5,4,6.25,5.0,-1.25
21,95,5,4,6.25,5.0,-1.25
21,96,4,4,5.0,5.0,0.0
21,97,2,0,2.5,0.0,-2.5
21,98,3,1,3.75,1.25,-2.5
21,99,0,4,0.0,5.0,5.0
21,100,2,2,2.5,2.5,0.0
21,101,1,1,1.25,1.25,0.0
21,102,5,2,6.25,2.5,-3.75
21,103,1,0,1.25,0.0,-1.25
21,104,2,2,2.5,2.5,0.0
21,105,0,0,0.0,0.0,0.0
21,106,2,0,2.5,0.0,-2.5
21,107,1,1,1.25,1.25,0.0
22,0,0,0,0.0,0.0,0.0
22,1,2,0,2.5,0.0,-2.5
22,2,0,1,0.0,1.25,1.25
22,3,0,0,0.0,0.0,0.0
22,4,0,0,0.0,0.0,0.0
22,5,0,0,0.0,0.0,0.0
22,6,0,1,0.0,1.25,1.25
22,7,0,0,0.0,0.0,0.0
22,8,0,0,0.0,0.0,0.0
22,9,0,0,0.0,0.0,0.0
22,10,0,0,0.0,0.0,0.0
22,11,0,0,0.0,0.0,0.0
22,12,1,0,1.25,0.0,-1.25
22,13,0,1,0.0,1.25,1.25
22,14,0,2,0.0,2.5,2.5
22,15,0,0,0.0,0.0,0.0
22,16,0,1,0.0,1.25,1.25
22,17,2,0,2.5,0.0,-2.5
22,18,0,0,0.0,0.0,0.0
22,19,0,0,0.0,0.0,0.0
22,20,0,1,0.0,1.25,1.25
22,21,0,0,0.0,0.0,0.0
22,22,0,0,0.0,0.0,0.0
22,23,0,0,0.0,0.0,0.0
22,24,1,0,1.25,0.0,-1.25
22,25,1,1,1.25,1.25,0.0
22,26,0,0,0.0,0.0,0.0
22,27,0,0,0.0,0.0,0.0
22,28,1,0,1.25,0.0,-1.25
22,29,0,0,0.0,0.0,0.0
22,30,0,0,0.0,0.0,0.0
22,31,0,1,0.0,1.25,1.25
22,32,0,0,0.0,0.0,0.0
22,33,0,0,0.0,0.0,0.0
22,34,0,1,0.0,1.25,1.25
22,35,0,0,0.0,0.0,0.0
22,36,0,0,0.0,0.0,0.0
22,37,1,0,1.25,0.0,-1.25
22,38,0,0,0.0,0.0,0.0
22,39,0,0,0.0,0.0,0.0
22,40,0,1,0.0,1.25,1.25
22,41,0,0,0.0,0.0,0.0
22,42,0,0,0.0,0.0,0.0
22,43,0,1,0.0,1.25,1.25
22,44,0,1,0.0,1.25,1.25
22,45,0,1,0.0,1.25,1.25
22,46,0,0,0.0,0.0,0.0
22,47,0,1,0.0,1.25,1.25
22,48,0,1,0.0,1.25,1.25
22,49,0,0,0.0,0.0,0.0
22,50,0,0,0.0,0.0,0.0
22,51,0,0,0.0,0.0,0.0
22,52,0,1,0.0,1.25,1.25
22,53,1,0,1.25,0.0,-1.25
22,54,0,0,0.0,0.0,0.0
22,55,0,0,0.0,0.0,0.0
22,56,1,0,1.25,0.0,-1.25
22,57,0,0,0.0,0.0,0.0
22,58,0,0,0.0,0.0,0.0
22,59,0,0,0.0,0.0,0.0
22,60,0,0,0.0,0.0,0.0
22,61,0,0,0.0,0.0,0.0
22,62,0,0,0.0,0.0,0.0
22,63,1,0,1.25,0.0,-1.25
22,64,0,0,0.0,0.0,0.0
22,65,0,1,0.0,1.25,1.25
22,66,0,0,0.0,0.0,0.0
22,67,0,0,0.0,0.0,0.0
22,68,0,0,0.0,0.0,0.0
22,69,0,0,0.0,0.0,0.0
22,70,0,0,0.0,0.0,0.0
22,71,0,0,0.0,0.0,0.0
22,72,0,0,0.0,0.0,0.0
22,73,0,1,0.0,1.25,1.25
22,74,1,1,1.25,1.25,0.0
22,75,0,1,0.0,1.25,1.25
22,76,0,0,0.0,0.0,0.0
22,77,0,0,0.0,0.0,0.0
22,78,0,2,0.0,2.5,2.5
22,79,0,0,0.0,0.0,0.0
22,80,0,0,0.0,0.0,0.0
22,81,0,0,0.0,0.0,0.0
22,82,0,0,0.0,0.0,0.0
22,83,0,0,0.0,0.0,0.0
22,84,1,1,1.25,1.25,0.0
22,85,1,0,1.25,0.0,-1.25
22,86,0,0,0.0,0.0,0.0
22,87,0,0,0.0,0.0,0.0
22,88,0,0,0.0,0.0,0.0
22,89,0,0,0.0,0.0,0.0
22,90,0,0,0.0,0.0,0.0
22,91,0,1,0.0,1.25,1.25
22,92,0,0,0.0,0.0,0.0
22,93,0,0,0.0,0.0,0.0
22,94,0,0,0.0,0.0,0.0
22,95,0,0,0.0,0.0,0.0
22,96,0,1,0.0,1.25,1.25
22,97,0,0,0.0,0.0,0.0
22,98,0,0,0.0,0.0,0.0
22,99,0,0,0.0,0.0,0.0
22,100,0,0,0.0,0.0,0.0
22,101,0,0,0.0,0.0,0.0
22,102,1,0,1.25,0.0,-1.25
22,103,0,0,0.0,0.0,0.0
22,104,0,0,0.0,0.0,0.0
22,105,0,0,0.0,0.0,0.0
22,106,0,0,0.0,0.0,0.0
22,107,2,0,2.5,0.0,-2.5
23,0,1,0,1.25,0.0,-1.25
23,1,0,0,0.0,0.0,0.0
23,2,1,0,1.25,0.0,-1.25
23,3,0,0,0.0,0.0,0.0
23,4,1,1,1.25,1.25,0.0
23,5,0,0,0.0,0.0,0.0
23,6,0,0,0.0,0.0,0.0
23,7,1,0,1.25,0.0,-1.25
23,8,0,0,0.0,0.0,0.0
23,9,0,0,0.0,0.0,0.0
23,10,0,0,0.0,0.0,0.0
23,11,0,0,0.0,0.0,0.0
23,12,0,0,0.0,0.0,0.0
23,13,1,0,1.25,0.0,-1.25
23,14,0,0,0.0,0.0,0.0
23,15,0,0,0.0,0.0,0.0
23,16,0,0,0.0,0.0,0.0
23,17,0,0,0.0,0.0,0.0
23,18,0,0,0.0,0.0,0.0
23,19,0,0,0.0,0.0,0.0
23,20,0,0,0.0,0.0,0.0
23,21,0,0,0.0,0.0,0.0
23,22,0,0,0.0,0.0,0.0
23,23,0,0,0.0,0.0,0.0
23,24,0,0,0.0,0.0,0.0
23,25,0,0,0.0,0.0,0.0
23,26,0,0,0.0,0.0,0.0
23,27,0,0,0.0,0.0,0.0
23,28,0,0,0.0,0.0,0.0
23,29,0,0,0.0,0.0,0.0
23,30,0,0,0.0,0.0,0.0
23,31,0,0,0.0,0.0,0.0
23,32,1,0,1.25,0.0,-1.25
23,33,0,0,0.0,0.0,0.0
23,34,0,0,0.0,0.0,0.0
23,35,0,0,0.0,0.0,0.0
23,36,0,0,0.0,0.0,0.0
23,37,0,0,0.0,0.0,0.0
23,38,0,0,0.0,0.0,0.0
23,39,1,1,1.25,1.25,0.0
23,40,0,0,0.0,0.0,0.0
23,41,0,0,0.0,0.0,0.0
23,42,0,1,0.0,1.25,1.25
23,43,1,0,1.25,0.0,-1.25
23,44,0,0,0.0,0.0,0.0
23,45,1,0,1.25,0.0,-1.25
23,46,0,2,0.0,2.5,2.5
23,47,1,0,1.25,0.0,-1.25
23,48,0,0,0.0,0.0,0.0
23,49,2,0,2.5,0.0,-2.5
23,50,0,0,0.0,0.0,0.0
23,51,0,0,0.0,0.0,0.0
23,52,1,0,1.25,0.0,-1.25
23,53,0,0,0.0,0.0,0.0
23,54,0,0,0.0,0.0,0.0
23,55,0,0,0.0,0.0,0.0
23,56,0,0,0.0,0.0,0.0
23,57,0,0,0.0,0.0,0.0
23,58,0,0,0.0,0.0,0.0
23,59,0,0,0.0,0.0,0.0
23,60,0,0,0.0,0.0,0.0
23,61,0,0,0.0,0.0,0.0
23,62,0,1,0.0,1.25,1.25
23,63,0,0,0.0,0.0,0.0
23,64,0,0,0.0,0.0,0.0
23,65,0,0,0.0,0.0,0.0
23,66,0,0,0.0,0.0,0.0
23,67,0,0,0.0,0.0,0.0
23,68,1,0,1.25,0.0,-1.25
23,69,2,0,2.5,0.0,-2.5
23,70,1,0,1.25,0.0,-1.25
23,71,0,0,0.0,0.0,0.0
23,72,0,2,0.0,2.5,2.5
23,73,0,0,0.0,0.0,0.0
23,74,1,0,1.25,0.0,-1.25
23,75,0,0,0.0,0.0,0.0
23,76,0,1,0.0,1.25,1.25
23,77,0,0,0.0,0.0,0.0
23,78,0,0,0.0,0.0,0.0
23,79,0,1,0.0,1.25,1.25
23,80,0,0,0.0,0.0,0.0
23,81,0,1,0.0,1.25,1.25
23,82,0,0,0.0,0.0,0.0
23,83,1,0,1.25,0.0,-1.25
23,84,0,0,0.0,0.0,0.0
23,85,1,0,1.25,0.0,-1.25
23,86,0,0,0.0,0.0,0.0
23,87,0,0,0.0,0.0,0.0
23,88,0,0,0.0,0.0,0.0
23,89,0,0,0.0,0.0,0.0
23,90,0,0,0.0,0.0,0.0
23,91,0,0,0.0,0.0,0.0
23,92,0,0,0.0,0.0,0.0
23,93,0,0,0.0,0.0,0.0
23,94,0,0,0.0,0.0,0.0
23,95,0,2,0.0,2.5,2.5
23,96,0,0,0.0,0.0,0.0
23,97,0,0,0.0,0.0,0.0
23,98,0,0,0.0,0.0,0.0
23,99,0,0,0.0,0.0,0.0
23,100,0,0,0.0,0.0,0.0
23,101,0,0,0.0,0.0,0.0
23,102,0,0,0.0,0.0,0.0
23,103,0,0,0.0,0.0,0.0
23,104,0,0,0.0,0.0,0.0
23,105,1,0,1.25,0.0,-1.25
23,106,0,0,0.0,0.0,0.0
23,107,0,0,0.0,0.0,0.0
24,0,10,6,12.5,7.5,-5.0
24,1,8,6,10.0,7.5,-2.5
24,2,3,8,3.75,10.0,6.25
24,3,9,6,11.25,7.5,-3.75
24,4,7,9,8.75,11.25,2.5
24,5,4,5,5.0,6.25,1.25
24,6,7,9,8.75,11.25,2.5
24,7,8,10,10.0,12.5,2.5
24,8,5,6,6.25,7.5,1.25
24,9,6,3,7.5,3.75,-3.75
24,10,8,3,10.0,3.75,-6.25
24,11,3,2,3.75,2.5,-1.25
24,12,10,6,12.5,7.5,-5.0
24,13,8,10,10.0,12.5,2.5
24,14,7,5,8.75,6.25,-2.5
24,15,7,7,8.75,8.75,0.0
24,16,4,1,5.0,1.25,-3.75
24,17,8,1,10.0,1.25,-8.75
24,18,2,3,2.5,3.75,1.25
24,19,8,3,10.0,3.75,-6.25
24,20,7,8,8.75,10.0,1.25
24,21,15,4,18.75,5.0,-13.75
24,22,8,6,10.0,7.5,-2.5
24,23,3,2,3.75,2.5,-1.25
24,24,5,7,6.25,8.75,2.5
24,25,4,5,5.0,6.25,1.25
24,26,6,3,7.5,3.75,-3.75
24,27,12,3,15.0,3.75,-11.25
24,28,2,8,2.5,10.0,7.5
24,29,5,6,6.25,7.5,1.25
24,30,8,9,10.0,11.25,1.25
24,31,9,11,11.25,13.75,2.5
24,32,6,1,7.5,1.25,-6.25
24,33,3,6,3.75,7.5,3.75
24,34,10,3,12.5,3.75,-8.75
24,35,8,5,10.0,6.25,-3.75
24,36,5,5,6.25,6.25,0.0
24,37,8,5,10.0,6.25,-3.75
24,38,5,8,6.25,10.0,3.75
24,39,3,6,3.75,7.5,3.75
24,40,4,3,5.0,3.75,-1.25
24,41,10,6,12.5,7.5,-5.0
24,42,7,7,8.75,8.75,0.0
24,43,3,5,3.75,6.25,2.5
24,44,6,6,7.5,7.5,0.0
24,45,5,4,6.25,5.0,-1.25
24,46,5,5,6.25,6.25,0.0
24,47,5,3,6.25,3.75,-2.5
24,48,9,3,11.25,3.75,-7.5
24,49,12,7,15.0,8.75,-6.25
24,50,4,8,5.0,10.0,5.0
24,51,5,8,6.25,10.0,3.75
24,52,5,3,6.25,3.75,-2.5
24,53,14,4,17.5,5.0,-12.5
24,54,8,7,10.0,8.75,-1.25
24,55,11,1,13.75,1.25,-12.5
24,56,6,5,7.5,6.25,-1.25
24,57,5,2,6.25,2.5,-3.75
24,58,4,9,5.0,11.25,6.25
24,59,6,4,7.5,5.0,-2.5
24,60,5,7,6.25,8.75,2.5
24,61,3,2,3.75,2.5,-1.25
24,62,9,3,11.25,3.75,-7.5
24,63,6,2,7.5,2.5,-5.0
24,64,11,4,13.75,5.0,-8.75
24,65,7,6,8.75,7.5,-1.25
24,66,3,3,3.75,3.75,0.0
24,67,4,6,5.0,7.5,2.5
24,68,5,5,6.25,6.25,0.0
24,69,5,6,6.25,7.5,1.25
24,70,3,1,3.75,1.25,-2.5
24,71,6,4,7.5,5.0,-2.5
24,72,8,4,10.0,5.0,-5.0
24,73,4,7,5.0,8.75,3.75
24,74,7,7,8.75,8.75,0.0
24,75,5,6,6.25,7.5,1.25
24,76,4,2,5.0,2.5,-2.5
24,77,5,5,6.25,6.25,0.0
24,78,4,7,5.0,8.75,3.75
24,79,8,7,10.0,8.75,-1.25
24,80,2,4,2.5,5.0,2.5
24,81,0,6,0.0,7.5,7.5
24,82,6,5,7.5,6.25,-1.25
24,83,0,3,0.0,3.75,3.75
24,84,4,6,5.0,7.5,2.5
24,85,6,3,7.5,3.75,-3.75
24,86,2,6,2.5,7.5,5.0
24,87,5,4,6.25,5.0,-1.25
24,88,4,6,5.0,7.5,2.5
24,89,5,5,6.25,6.25,0.0
24,90,6,3,7.5,3.75,-3.75
24,91,4,8,5.0,10.0,5.0
24,92,2,6,2.5,7.5,5.0
24,93,3,6,3.75,7.5,3.75
24,94,9,7,11.25,8.75,-2.5
24,95,4,4,5.0,5.0,0.0
24,96,10,6,12.5,7.5,-5.0
24,97,3,3,3.75,3.75,0.0
24,98,4,6,5.0,7.5,2.5
24,99,5,6,6.25,7.5,1.25
24,100,5,3,6.25,3.75,-2.5
24,101,7,4,8.75,5.0,-3.75
24,102,8,4,10.0,5.0,-5.0
24,103,1,5,1.25,6.25,5.0
24,104,0,1,0.0,1.25,1.25
24,105,5,3,6.25,3.75,-2.5
24,106,6,6,7.5,7.5,0.0
24,107,8,6,10.0,7.5,-2.5
25,0,2,4,2.5,5.0,2.5
25,1,1,0,1.25,0.0,-1.25
25,2,3,1,3.75,1.25,-2.5
25,3,1,4,1.25,5.0,3.75
25,4,3,1,3.75,1.25,-2.5
25,5,0,2,0.0,2.5,2.5
25,6,3,2,3.75,2.5,-1.25
25,7,4,3,5.0,3.75,-1.25
25,8,0,2,0.0,2.5,2.5
25,9,1,4,1.25,5.0,3.75
25,10,2,2,2.5,2.5,0.0
25,11,5,4,6.25,5.0,-1.25
25,12,1,3,1.25,3.75,2.5
25,13,2,0,2.5,0.0,-2.5
25,14,4,3,5.0,3.75,-1.25
25,15,4,1,5.0,1.25,-3.75
25,16,4,1,5.0,1.25,-3.75
25,17,2,1,2.5,1.25,-1.25
25,18,0,6,0.0,7.5,7.5
25,19,2,2,2.5,2.5,0.0
25,20,1,2,1.25,2.5,1.25
25,21,4,1,5.0,1.25,-3.75
25,22,2,5,2.5,6.25,3.75
25,23,1,3,1.25,3.75,2.5
25,24,2,1,2.5,1.25,-1.25
25,25,3,2,3.75,2.5,-1.25
25,26,1,5,1.25,6.25,5.0
25,27,2,1,2.5,1.25,-1.25
25,28,1,2,1.25,2.5,1.25
25,29,0,3,0.0,3.75,3.75
25,30,1,1,1.25,1.25,0.0
25,31,1,3,1.25,3.75,2.5
25,32,3,0,3.75,0.0,-3.75
25,33,1,2,1.25,2.5,1.25
25,34,3,1,3.75,1.25,-2.5
25,35,0,3,0.0,3.75,3.75
25,36,1,0,1.25,0.0,-1.25
25,37,1,2,1.25,2.5,1.25
25,38,1,3,1.25,3.75,2.5
25,39,2,0,2.5,0.0,-2.5
25,40,2,3,2.5,3.75,1.25
25,41,1,1,1.25,1.25,0.0
25,42,2,4,2.5,5.0,2.5
25,43,1,2,1.25,2.5,1.25
25,44,2,4,2.5,5.0,2.5
25,45,2,3,2.5,3.75,1.25
25,46,2,2,2.5,2.5,0.0
25,47,5,4,6.25,5.0,-1.25
25,48,0,2,0.0,2.5,2.5
25,49,1,0,1.25,0.0,-1.25
25,50,2,1,2.5,1.25,-1.25
25,51,1,0,1.25,0.0,-1.25
25,52,3,4,3.75,5.0,1.25
25,53,5,2,6.25,2.5,-3.75
25,54,2,2,2.5,2.5,0.0
25,55,3,2,3.75,2.5,-1.25
25,56,1,1,1.25,1.25,0.0
25,57,3,2,3.75,2.5,-1.25
25,58,0,1,0.0,1.25,1.25
25,59,1,1,1.25,1.25,0.0
25,60,1,3,1.25,3.75,2.5
25,61,2,3,2.5,3.75,1.25
25,62,2,3,2.5,3.75,1.25
25,63,2,1,2.5,1.25,-1.25
25,64,1,1,1.25,1.25,0.0
25,65,1,1,1.25,1.25,0.0
25,66,1,1,1.25,1.25,0.0
25,67,1,2,1.25,2.5,1.25
25,68,3,1,3.75,1.25,-2.5
25,69,6,3,7.5,3.75,-3.75
25,70,1,1,1.25,1.25,0.0
25,71,2,3,2.5,3.75,1.25
25,72,1,2,1.25,2.5,1.25
25,73,2,3,2.5,3.75,1.25
25,74,5,2,6.25,2.5,-3.75
25,75,0,1,0.0,1.25,1.25
25,76,3,0,3.75,0.0,-3.75
25,77,1,0,1.25,0.0,-1.25
25,78,0,2,0.0,2.5,2.5
25,79,1,3,1.25,3.75,2.5
25,80,0,2,0.0,2.5,2.5
25,81,1,2,1.25,2.5,1.25
25,82,1,1,1.25,1.25,0.0
25,83,1,6,1.25,7.5,6.25
25,84,0,2,0.0,2.5,2.5
25,85,2,4,2.5,5.0,2.5
25,86,4,5,5.0,6.25,1.25
25,87,5,2,6.25,2.5,-3.75
25,88,1,0,1.25,0.0,-1.25
25,89,3,1,3.75,1.25,-2.5
25,90,1,3,1.25,3.75,2.5
25,91,0,3,0.0,3.75,3.75
25,92,2,0,2.5,0.0,-2.5
25,93,0,3,0.0,3.75,3.75
25,94,2,2,2.5,2.5,0.0
25,95,2,1,2.5,1.25,-1.25
25,96,3,4,3.75,5.0,1.25
25,97,2,2,2.5,2.5,0.0
25,98,0,1,0.0,1.25,1.25
25,99,0,2,0.0,2.5,2.5
25,100,5,1,6.25,1.25,-5.0
25,101,5,1,6.25,1.25,-5.0
25,102,0,4,0.0,5.0,5.0
25,103,0,2,0.0,2.5,2.5
25,104,0,0,0.0,0.0,0.0
25,105,3,0,3.75,0.0,-3.75
25,106,2,1,2.5,1.25,-1.25
25,107,2,4,2.5,5.0,2.5
26,0,1,4,1.25,5.0,3.75
26,1,0,1,0.0,1.25,1.25
26,2,0,0,0.0,0.0,0.0
26,3,0,0,0.0,0.0,0.0
26,4,0,0,0.0,0.0,0.0
26,5,0,0,0.0,0.0,0.0
26,6,0,2,0.0,2.5,2.5
26,7,0,0,0.0,0.0,0.0
26,8,2,2,2.5,2.5,0.0
26,9,0,0,0.0,0.0,0.0
26,10,0,0,0.0,0.0,0.0
26,11,0,0,0.0,0.0,0.0
26,12,0,0,0.0,0.0,0.0
26,13,0,0,0.0,0.0,0.0
26,14,0,0,0.0,0.0,0.0
26,15,0,0,0.0,0.0,0.0
26,16,0,0,0.0,0.0,0.0
26,17,0,2,0.0,2.5,2.5
26,18,0,1,0.0,1.25,1.25
26,19,0,0,0.0,0.0,0.0
26,20,0,0,0.0,0.0,0.0
26,21,4,1,5.0,1.25,-3.75
26,22,0,1,0.0,1.25,1.25
26,23,0,0,0.0,0.0,0.0
26,24,0,0,0.0,0.0,0.0
26,25,0,0,0.0,0.0,0.0
26,26,0,0,0.0,0.0,0.0
26,27,0,0,0.0,0.0,0.0
26,28,1,1,1.25,1.25,0.0
26,29,0,0,0.0,0.0,0.0
26,30,0,0,0.0,0.0,0.0
26,31,0,2,0.0,2.5,2.5
26,32,0,0,0.0,0.0,0.0
26,33,1,0,1.25,0.0,-1.25
26,34,0,1,0.0,1.25,1.25
26,35,0,0,0.0,0.0,0.0
26,36,1,1,1.25,1.25,0.0
26,37,0,3,0.0,3.75,3.75
26,38,2,2,2.5,2.5,0.0
26,39,0,0,0.0,0.0,0.0
26,40,1,2,1.25,2.5,1.25
26,41,1,2,1.25,2.5,1.25
26,42,0,0,0.0,0.0,0.0
26,43,0,0,0.0,0.0,0.0
26,44,0,2,0.0,2.5,2.5
26,45,0,1,0.0,1.25,1.25
26,46,0,0,0.0,0.0,0.0
26,47,0,0,0.0,0.0,0.0
26,48,0,0,0.0,0.0,0.0
26,49,0,1,0.0,1.25,1.25
26,50,2,0,2.5,0.0,-2.5
26,51,0,0,0.0,0.0,0.0
26,52,0,1,0.0,1.25,1.25
26,53,0,0,0.0,0.0,0.0
26,54,0,2,0.0,2.5,2.5
26,55,0,3,0.0,3.75,3.75
26,56,0,0,0.0,0.0,0.0
26,57,0,0,0.0,0.0,0.0
26,58,0,0,0.0,0.0,0.0
26,59,0,0,0.0,0.0,0.0
26,60,0,0,0.0,0.0,0.0
26,61,0,0,0.0,0.0,0.0
26,62,0,0,0.0,0.0,0.0
26,63,0,0,0.0,0.0,0.0
26,64,0,0,0.0,0.0,0.0
26,65,0,0,0.0,0.0,0.0
26,66,1,0,1.25,0.0,-1.25
26,67,1,1,1.25,1.25,0.0
26,68,0,0,0.0,0.0,0.0
26,69,0,1,0.0,1.25,1.25
26,70,0,0,0.0,0.0,0.0
26,71,0,4,0.0,5.0,5.0
26,72,0,1,0.0,1.25,1.25
26,73,0,2,0.0,2.5,2.5
26,74,1,0,1.25,0.0,-1.25
26,75,0,0,0.0,0.0,0.0
26,76,0,0,0.0,0.0,0.0
26,77,0,0,0.0,0.0,0.0
26,78,0,0,0.0,0.0,0.0
26,79,6,4,7.5,5.0,-2.5
26,80,0,0,0.0,0.0,0.0
26,81,0,0,0.0,0.0,0.0
26,82,5,1,6.25,1.25,-5.0
26,83,0,0,0.0,0.0,0.0
26,84,0,1,0.0,1.25,1.25
26,85,0,0,0.0,0.0,0.0
26,86,0,0,0.0,0.0,0.0
26,87,0,0,0.0,0.0,0.0
26,88,0,0,0.0,0.0,0.0
26,89,0,0,0.0,0.0,0.0
26,90,0,0,0.0,0.0,0.0
26,91,0,0,0.0,0.0,0.0
26,92,0,0,0.0,0.0,0.0
26,93,0,0,0.0,0.0,0.0
26,94,0,2,0.0,2.5,2.5
26,95,0,0,0.0,0.0,0.0
26,96,0,0,0.0,0.0,0.0
26,97,0,3,0.0,3.75,3.75
26,98,0,0,0.0,0.0,0.0
26,99,0,1,0.0,1.25,1.25
26,100,4,1,5.0,1.25,-3.75
26,101,0,0,0.0,0.0,0.0
26,102,0,0,0.0,0.0,0.0
26,103,0,0,0.0,0.0,0.0
26,104,0,0,0.0,0.0,0.0
26,105,0,0,0.0,0.0,0.0
26,106,0,1,0.0,1.25,1.25
26,107,1,0,1.25,0.0,-1.25
27,0,17,20,21.25,25.0,3.75
27,1,18,14,22.5,17.5,-5.0
27,2,13,14,16.25,17.5,1.25
27,3,14,14,17.5,17.5,0.0
27,4,18,17,22.5,21.25,-1.25
27,5,15,14,18.75,17.5,-1.25
27,6,15,13,18.75,16.25,-2.5
27,7,21,12,26.25,15.0,-11.25
27,8,12,12,15.0,15.0,0.0
27,9,16,8,20.0,10.0,-10.0
27,10,13,18,16.25,22.5,6.25
27,11,16,17,20.0,21.25,1.25
27,12,14,10,17.5,12.5,-5.0
27,13,21,16,26.25,20.0,-6.25
27,14,12,17,15.0,21.25,6.25
27,15,11,18,13.75,22.5,8.75
27,16,11,15,13.75,18.75,5.0
27,17,12,20,15.0,25.0,10.0
27,18,11,9,13.75,11.25,-2.5
27,19,14,16,17.5,20.0,2.5
27,20,14,15,17.5,18.75,1.25
27,21,18,19,22.5,23.75,1.25
27,22,12,11,15.0,13.75,-1.25
27,23,13,11,16.25,13.75,-2.5
27,24,17,18,21.25,22.5,1.25
27,25,19,19,23.75,23.75,0.0
27,26,14,14,17.5,17.5,0.0
27,27,16,13,20.0,16.25,-3.75
27,28,17,15,21.25,18.75,-2.5
27,29,13,15,16.25,18.75,2.5
27,30,14,14,17.5,17.5,0.0
27,31,14,17,17.5,21.25,3.75
27,32,16,17,20.0,21.25,1.25
27,33,14,17,17.5,21.25,3.75
27,34,12,10,15.0,12.5,-2.5
27,35,15,14,18.75,17.5,-1.25
27,36,15,18,18.75,22.5,3.75
27,37,15,17,18.75,21.25,2.5
27,38,14,13,17.5,16.25,-1.25
27,39,12,10,15.0,12.5,-2.5
27,40,13,12,16.25,15.0,-1.25
27,41,17,15,21.25,18.75,-2.5
27,42,13,17,16.25,21.25,5.0
27,43,13,15,16.25,18.75,2.5
27,44,13,12,16.25,15.0,-1.25
27,45,19,13,23.75,16.25,-7.5
27,46,15,17,18.75,21.25,2.5
27,47,14,12,17.5,15.0,-2.5
27,48,14,14,17.5,17.5,0.0
27,49,13,10,16.25,12.5,-3.75
27,50,11,17,13.75,21.25,7.5
27,51,20,16,25.0,20.0,-5.0
27,52,21,14,26.25,17.5,-8.75
27,53,14,9,17.5,11.25,-6.25
27,54,7,17,8.75,21.25,12.5
27,55,15,19,18.75,23.75,5.0
27,56,10,15,12.5,18.75,6.25
27,57,17,12,21.25,15.0,-6.25
27,58,25,16,31.25,20.0,-11.25
27,59,15,13,18.75,16.25,-2.5
27,60,14,15,17.5,18.75,1.25
27,61,16,11,20.0,13.75,-6.25
27,62,20,15,25.0,18.75,-6.25
27,63,21,14,26.25,17.5,-8.75
27,64,16,13,20.0,16.25,-3.75
27,65,16,9,20.0,11.25,-8.75
27,66,22,12,27.5,15.0,-12.5
27,67,17,11,21.25,13.75,-7.5
27,68,12,10,15.0,12.5,-2.5
27,69,14,14,17.5,17.5,0.0
27,70,16,12,20.0,15.0,-5.0
27,71,19,15,23.75,18.75,-5.0
27,72,17,8,21.25,10.0,-11.25
27,73,14,16,17.5,20.0,2.5
27,74,12,15,15.0,18.75,3.75
27,75,11,15,13.75,18.75,5.0
27,76,16,15,20.0,18.75,-1.25
27,77,14,15,17.5,18.75,1.25
27,78,26,15,32.5,18.75,-13.75
27,79,15,18,18.75,22.5,3.75
27,80,14,10,17.5,12.5,-5.0
27,81,12,14,15.0,17.5,2.5
27,82,17,14,21.25,17.5,-3.75
27,83,16,10,20.0,12.5,-7.5
27,84,14,11,17.5,13.75,-3.75
27,85,18,17,22.5,21.25,-1.25
27,86,11,20,13.75,25.0,11.25
27,87,9,13,11.25,16.25,5.0
27,88,16,17,20.0,21.25,1.25
27,89,12,10,15.0,12.5,-2.5
27,90,13,9,16.25,11.25,-5.0
27,91,10,20,12.5,25.0,12.5
27,92,18,8,22.5,10.0,-12.5
27,93,9,8,11.25,10.0,-1.25
27,94,9,16,11.25,20.0,8.75
27,95,14,13,17.5,16.25,-1.25
27,96,10,18,12.5,22.5,10.0
27,97,16,17,20.0,21.25,1.25
27,98,19,19,23.75,23.75,0.0
27,99,15,21,18.75,26.25,7.5
27,100,14,10,17.5,12.5,-5.0
27,101,24,13,30.0,16.25,-13.75
27,102,17,16,21.25,20.0,-1.25
27,103,19,12,23.75,15.0,-8.75
27,104,9,9,11.25,11.25,0.0
27,105,12,20,15.0,25.0,10.0
27,106,13,13,16.25,16.25,0.0
27,107,13,11,16.25,13.75,-2.5
28,0,3,5,3.75,6.25,2.5
28,1,5,2,6.25,2.5,-3.75
28,2,6,9,7.5,11.25,3.75
28,3,5,5,6.25,6.25,0.0
28,4,3,7,3.75,8.75,5.0
28,5,5,5,6.25,6.25,0.0
28,6,5,6,6.25,7.5,1.25
28,7,6,5,7.5,6.25,-1.25
28,8,5,8,6.25,10.0,3.75
28,9,7,9,8.75,11.25,2.5
28,10,9,6,11.25,7.5,-3.75
28,11,4,6,5.0,7.5,2.5
28,12,8,10,10.0,12.5,2.5
28,13,3,2,3.75,2.5,-1.25
28,14,7,4,8.75,5.0,-3.75
28,15,5,6,6.25,7.5,1.25
28,16,5,4,6.25,5.0,-1.25
28,17,5,4,6.25,5.0,-1.25
28,18,2,5,2.5,6.25,3.75
28,19,9,6,11.25,7.5,-3.75
28,20,7,7,8.75,8.75,0.0
28,21,6,9,7.5,11.25,3.75
28,22,5,7,6.25,8.75,2.5
28,23,11,8,13.75,10.0,-3.75
28,24,5,6,6.25,7.5,1.25
28,25,5,8,6.25,10.0,3.75
28,26,5,4,6.25,5.0,-1.25
28,27,5,5,6.25,6.25,0.0
28,28,6,7,7.5,8.75,1.25
28,29,1,8,1.25,10.0,8.75
28,30,4,1,5.0,1.25,-3.75
28,31,4,5,5.0,6.25,1.25
28,32,7,5,8.75,6.25,-2.5
28,33,13,5,16.25,6.25,-10.0
28,34,3,9,3.75,11.25,7.5
28,35,1,6,1.25,7.5,6.25
28,36,5,4,6.25,5.0,-1.25
28,37,7,4,8.75,5.0,-3.75
28,38,7,4,8.75,5.0,-3.75
28,39,10,5,12.5,6.25,-6.25
28,40,3,8,3.75,10.0,6.25
28,41,7,4,8.75,5.0,-3.75
28,42,4,7,5.0,8.75,3.75
28,43,7,4,8.75,5.0,-3.75
28,44,9,9,11.25,11.25,0.0
28,45,5,5,6.25,6.25,0.0
28,46,4,5,5.0,6.25,1.25
28,47,8,9,10.0,11.25,1.25
28,48,9,5,11.25,6.25,-5.0
28,49,6,6,7.5,7.5,0.0
28,50,10,7,12.5,8.75,-3.75
28,51,5,8,6.25,10.0,3.75
28,52,4,7,5.0,8.75,3.75
28,53,7,4,8.75,5.0,-3.75
28,54,8,4,10.0,5.0,-5.0
28,55,7,2,8.75,2.5,-6.25
28,56,6,7,7.5,8.75,1.25
28,57,2,5,2.5,6.25,3.75
28,58,2,6,2.5,7.5,5.0
28,59,3,1,3.75,1.25,-2.5
28,60,3,4,3.75,5.0,1.25
28,61,3,3,3.75,3.75,0.0
28,62,5,4,6.25,5.0,-1.25
28,63,2,4,2.5,5.0,2.5
28,64,4,9,5.0,11.25,6.25
28,65,5,7,6.25,8.75,2.5
28,66,8,4,10.0,5.0,-5.0
28,67,7,7,8.75,8.75,0.0
28,68,4,5,5.0,6.25,1.25
28,69,8,8,10.0,10.0,0.0
28,70,4,4,5.0,5.0,0.0
28,71,7,3,8.75,3.75,-5.0
28,72,7,4,8.75,5.0,-3.75
28,73,4,5,5.0,6.25,1.25
28,74,5,4,6.25,5.0,-1.25
28,75,7,2,8.75,2.5,-6.25
28,76,3,3,3.75,3.75,0.0
28,77,3,7,3.75,8.75,5.0
28,78,5,8,6.25,10.0,3.75
28,79,9,7,11.25,8.75,-2.5
28,80,7,2,8.75,2.5,-6.25
28,81,3,5,3.75,6.25,2.5
28,82,3,2,3.75,2.5,-1.25
28,83,7,7,8.75,8.75,0.0
28,84,3,1,3.75,1.25,-2.5
28,85,3,4,3.75,5.0,1.25
28,86,0,2,0.0,2.5,2.5
28,87,7,11,8.75,13.75,5.0
28,88,3,3,3.75,3.75,0.0
28,89,6,6,7.5,7.5,0.0
28,90,7,9,8.75,11.25,2.5
28,91,2,1,2.5,1.25,-1.25
28,92,6,7,7.5,8.75,1.25
28,93,10,4,12.5,5.0,-7.5
28,94,5,9,6.25,11.25,5.0
28,95,5,6,6.25,7.5,1.25
28,96,6,2,7.5,2.5,-5.0
28,97,4,4,5.0,5.0,0.0
28,98,8,11,10.0,13.75,3.75
28,99,7,6,8.75,7.5,-1.25
28,100,10,8,12.5,10.0,-2.5
28,101,8,3,10.0,3.75,-6.25
28,102,7,8,8.75,10.0,1.25
28,103,2,6,2.5,7.5,5.0
28,104,0,0,0.0,0.0,0.0
28,105,1,6,1.25,7.5,6.25
28,106,7,4,8.75,5.0,-3.75
28,107,4,6,5.0,7.5,2.5
29,0,22,15,27.5,18.75,-8.75
29,1,6,7,7.5,8.75,1.25
29,2,9,8,11.25,10.0,-1.25
29,3,9,4,11.25,5.0,-6.25
29,4,8,7,10.0,8.75,-1.25
29,5,11,7,13.75,8.75,-5.0
29,6,8,4,10.0,5.0,-5.0
29,7,8,4,10.0,5.0,-5.0
29,8,5,4,6.25,5.0,-1.25
29,9,3,2,3.75,2.5,-1.25
29,10,2,4,2.5,5.0,2.5
29,11,8,9,10.0,11.25,1.25
29,12,7,7,8.75,8.75,0.0
29,13,9,2,11.25,2.5,-8.75
29,14,12,6,15.0,7.5,-7.5
29,15,5,5,6.25,6.25,0.0
29,16,3,4,3.75,5.0,1.25
29,17,8,5,10.0,6.25,-3.75
29,18,13,6,16.25,7.5,-8.75
29,19,5,4,6.25,5.0,-1.25
29,20,8,8,10.0,10.0,0.0
29,21,7,6,8.75,7.5,-1.25
29,22,1,4,1.25,5.0,3.75
29,23,5,8,6.25,10.0,3.75
29,24,7,6,8.75,7.5,-1.25
29,25,17,9,21.25,11.25,-10.0
29,26,16,5,20.0,6.25,-13.75
29,27,10,6,12.5,7.5,-5.0
29,28,9,9,11.25,11.25,0.0
29,29,8,11,10.0,13.75,3.75
29,30,8,2,10.0,2.5,-7.5
29,31,10,7,12.5,8.75,-3.75
29,32,11,9,13.75,11.25,-2.5
29,33,9,8,11.25,10.0,-1.25
29,34,3,5,3.75,6.25,2.5
29,35,10,13,12.5,16.25,3.75
29,36,8,9,10.0,11.25,1.25
29,37,10,4,12.5,5.0,-7.5
29,38,7,7,8.75,8.75,0.0
29,39,8,5,10.0,6.25,-3.75
29,40,5,6,6.25,7.5,1.25
29,41,7,5,8.75,6.25,-2.5
29,42,6,7,7.5,8.75,1.25
29,43,6,5,7.5,6.25,-1.25
29,44,9,8,11.25,10.0,-1.25
29,45,9,9,11.25,11.25,0.0
29,46,3,6,3.75,7.5,3.75
29,47,8,7,10.0,8.75,-1.25
29,48,6,12,7.5,15.0,7.5
29,49,7,7,8.75,8.75,0.0
29,50,7,8,8.75,10.0,1.25
29,51,3,11,3.75,13.75,10.0
29,52,9,9,11.25,11.25,0.0
29,53,9,7,11.25,8.75,-2.5
29,54,8,7,10.0,8.75,-1.25
29,55,4,8,5.0,10.0,5.0
29,56,6,7,7.5,8.75,1.25
29,57,9,3,11.25,3.75,-7.5
29,58,11,2,13.75,2.5,-11.25
29,59,10,5,12.5,6.25,-6.25
29,60,3,2,3.75,2.5,-1.25
29,61,9,4,11.25,5.0,-6.25
29,62,8,6,10.0,7.5,-2.5
29,63,6,3,7.5,3.75,-3.75
29,64,15,6,18.75,7.5,-11.25
29,65,4,4,5.0,5.0,0.0
29,66,5,7,6.25,8.75,2.5
29,67,9,9,11.25,11.25,0.0
29,68,5,6,6.25,7.5,1.25
29,69,4,5,5.0,6.25,1.25
29,70,3,7,3.75,8.75,5.0
29,71,5,9,6.25,11.25,5.0
29,72,8,7,10.0,8.75,-1.25
29,73,6,7,7.5,8.75,1.25
29,74,2,7,2.5,8.75,6.25
29,75,8,7,10.0,8.75,-1.25
29,76,5,8,6.25,10.0,3.75
29,77,11,2,13.75,2.5,-11.25
29,78,10,6,12.5,7.5,-5.0
29,79,8,6,10.0,7.5,-2.5
29,80,4,12,5.0,15.0,10.0
29,81,4,6,5.0,7.5,2.5
29,82,6,4,7.5,5.0,-2.5
29,83,7,2,8.75,2.5,-6.25
29,84,7,7,8.75,8.75,0.0
29,85,3,10,3.75,12.5,8.75
29,86,7,2,8.75,2.5,-6.25
29,87,5,2,6.25,2.5,-3.75
29,88,7,3,8.75,3.75,-5.0
29,89,8,3,10.0,3.75,-6.25
29,90,12,5,15.0,6.25,-8.75
29,91,10,6,12.5,7.5,-5.0
29,92,3,4,3.75,5.0,1.25
29,93,4,4,5.0,5.0,0.0
29,94,5,2,6.25,2.5,-3.75
29,95,6,5,7.5,6.25,-1.25
29,96,7,4,8.75,5.0,-3.75
29,97,3,4,3.75,5.0,1.25
29,98,6,6,7.5,7.5,0.0
29,99,2,3,2.5,3.75,1.25
29,100,7,5,8.75,6.25,-2.5
29,101,4,2,5.0,2.5,-2.5
29,102,8,7,10.0,8.75,-1.25
29,103,1,5,1.25,6.25,5.0
29,104,1,2,1.25,2.5,1.25
29,105,5,6,6.25,7.5,1.25
29,106,4,4,5.0,5.0,0.0
29,107,4,5,5.0,6.25,1.25
30,0,19,17,23.75,21.25,-2.5
30,1,17,24,21.25,30.0,8.75
30,2,23,20,28.75,25.0,-3.75
30,3,18,19,22.5,23.75,1.25
30,4,23,17,28.75,21.25,-7.5
30,5,22,18,27.5,22.5,-5.0
30,6,29,21,36.25,26.25,-10.0
30,7,23,20,28.75,25.0,-3.75
30,8,20,19,25.0,23.75,-1.25
30,9,25,26,31.25,32.5,1.25
30,10,19,19,23.75,23.75,0.0
30,11,21,18,26.25,22.5,-3.75
30,12,21,20,26.25,25.0,-1.25
30,13,21,16,26.25,20.0,-6.25
30,14,18,16,22.5,20.0,-2.5
30,15,30,17,37.5,21.25,-16.25
30,16,21,22,26.25,27.5,1.25
30,17,17,19,21.25,23.75,2.5
30,18,21,18,26.25,22.5,-3.75
30,19,25,17,31.25,21.25,-10.0
30,20,22,19,27.5,23.75,-3.75
30,21,25,18,31.25,22.5,-8.75
30,22,21,18,26.25,22.5,-3.75
30,23,20,22,25.0,27.5,2.5
30,24,28,12,35.0,15.0,-20.0
30,25,11,11,13.75,13.75,0.0
30,26,21,21,26.25,26.25,0.0
30,27,23,14,28.75,17.5,-11.25
30,28,22,17,27.5,21.25,-6.25
30,29,29,24,36.25,30.0,-6.25
30,30,19,20,23.75,25.0,1.25
30,31,21,30,26.25,37.5,11.25
30,32,34,22,42.5,27.5,-15.0
30,33,16,23,20.0,28.75,8.75
30,34,27,31,33.75,38.75,5.0
30,35,32,17,40.0,21.25,-18.75
30,36,28,10,35.0,12.5,-22.5
30,37,25,21,31.25,26.25,-5.0
30,38,24,15,30.0,18.75,-11.25
30,39,32,18,40.0,22.5,-17.5
30,40,20,13,25.0,16.25,-8.75
30,41,28,17,35.0,21.25,-13.75
30,42,19,18,23.75,22.5,-1.25
30,43,23,23,28.75,28.75,0.0
30,44,29,24,36.25,30.0,-6.25
30,45,26,23,32.5,28.75,-3.75
30,46,21,18,26.25,22.5,-3.75
30,47,18,17,22.5,21.25,-1.25
30,48,24,22,30.0,27.5,-2.5
30,49,23,16,28.75,20.0,-8.75
30,50,27,21,33.75,26.25,-7.5
30,51,22,24,27.5,30.0,2.5
30,52,24,22,30.0,27.5,-2.5
30,53,23,13,28.75,16.25,-12.5
30,54,22,15,27.5,18.75,-8.75
30,55,20,11,25.0,13.75,-11.25
30,56,22,18,27.5,22.5,-5.0
30,57,20,15,25.0,18.75,-6.25
30,58,22,33,27.5,41.25,13.75
30,59,24,23,30.0,28.75,-1.25
30,60,24,12,30.0,15.0,-15.0
30,61,22,17,27.5,21.25,-6.25
30,62,23,18,28.75,22.5,-6.25
30,63,23,26,28.75,32.5,3.75
30,64,24,31,30.0,38.75,8.75
30,65,19,19,23.75,23.75,0.0
30,66,38,30,47.5,37.5,-10.0
30,67,17,18,21.25,22.5,1.25
30,68,20,20,25.0,25.0,0.0
30,69,23,21,28.75,26.25,-2.5
30,70,24,19,30.0,23.75,-6.25
30,71,24,14,30.0,17.5,-12.5
30,72,22,19,27.5,23.75,-3.75
30,73,24,18,30.0,22.5,-7.5
30,74,23,16,28.75,20.0,-8.75
30,75,24,26,30.0,32.5,2.5
30,76,25,23,31.25,28.75,-2.5
30,77,23,22,28.75,27.5,-1.25
30,78,34,29,42.5,36.25,-6.25
30,79,22,16,27.5,20.0,-7.5
30,80,20,22,25.0,27.5,2.5
30,81,21,22,26.25,27.5,1.25
30,82,27,27,33.75,33.75,0.0
30,83,25,27,31.25,33.75,2.5
30,84,21,26,26.25,32.5,6.25
30,85,21,17,26.25,21.25,-5.0
30,86,23,27,28.75,33.75,5.0
30,87,23,17,28.75,21.25,-7.5
30,88,24,22,30.0,27.5,-2.5
30,89,19,21,23.75,26.25,2.5
30,90,18,23,22.5,28.75,6.25
30,91,27,18,33.75,22.5,-11.25
30,92,27,22,33.75,27.5,-6.25
30,93,24,30,30.0,37.5,7.5
30,94,23,23,28.75,28.75,0.0
30,95,26,17,32.5,21.25,-11.25
30,96,29,20,36.25,25.0,-11.25
30,97,19,23,23.75,28.75,5.0
30,98,16,23,20.0,28.75,8.75
30,99,33,21,41.25,26.25,-15.0
30,100,22,22,27.5,27.5,0.0
30,101,20,18,25.0,22.5,-2.5
30,102,25,29,31.25,36.25,5.0
30,103,16,28,20.0,35.0,15.0
30,104,28,32,35.0,40.0,5.0
30,105,28,30,35.0,37.5,2.5
30,106,17,21,21.25,26.25,5.0
30,107,25,18,31.25,22.5,-8.75
31,0,1,5,1.25,6.25,5.0
31,1,4,6,5.0,7.5,2.5
31,2,1,4,1.25,5.0,3.75
31,3,2,5,2.5,6.25,3.75
31,4,2,4,2.5,5.0,2.5
31,5,0,6,0.0,7.5,7.5
31,6,3,3,3.75,3.75,0.0
31,7,3,1,3.75,1.25,-2.5
31,8,3,1,3.75,1.25,-2.5
31,9,7,2,8.75,2.5,-6.25
31,10,1,3,1.25,3.75,2.5
31,11,3,3,3.75,3.75,0.0
31,12,1,5,1.25,6.25,5.0
31,13,8,5,10.0,6.25,-3.75
31,14,7,3,8.75,3.75,-5.0
31,15,5,3,6.25,3.75,-2.5
31,16,2,3,2.5,3.75,1.25
31,17,5,4,6.25,5.0,-1.25
31,18,1,0,1.25,0.0,-1.25
31,19,5,5,6.25,6.25,0.0
31,20,4,2,5.0,2.5,-2.5
31,21,3,2,3.75,2.5,-1.25
31,22,4,4,5.0,5.0,0.0
31,23,3,3,3.75,3.75,0.0
31,24,4,3,5.0,3.75,-1.25
31,25,3,3,3.75,3.75,0.0
31,26,2,7,2.5,8.75,6.25
31,27,8,4,10.0,5.0,-5.0
31,28,4,1,5.0,1.25,-3.75
31,29,5,7,6.25,8.75,2.5
31,30,5,4,6.25,5.0,-1.25
31,31,1,3,1.25,3.75,2.5
31,32,4,6,5.0,7.5,2.5
31,33,4,6,5.0,7.5,2.5
31,34,3,4,3.75,5.0,1.25
31,35,6,2,7.5,2.5,-5.0
31,36,7,2,8.75,2.5,-6.25
31,37,4,6,5.0,7.5,2.5
31,38,3,4,3.75,5.0,1.25
31,39,5,0,6.25,0.0,-6.25
31,40,3,6,3.75,7.5,3.75
31,41,6,4,7.5,5.0,-2.5
31,42,2,5,2.5,6.25,3.75
31,43,3,7,3.75,8.75,5.0
31,44,2,4,2.5,5.0,2.5
31,45,5,4,6.25,5.0,-1.25
31,46,2,5,2.5,6.25,3.75
31,47,6,3,7.5,3.75,-3.75
31,48,5,5,6.25,6.25,0.0
31,49,4,3,5.0,3.75,-1.25
31,50,4,4,5.0,5.0,0.0
31,51,4,3,5.0,3.75,-1.25
31,52,4,7,5.0,8.75,3.75
31,53,2,4,2.5,5.0,2.5
31,54,5,1,6.25,1.25,-5.0
31,55,5,4,6.25,5.0,-1.25
31,56,3,1,3.75,1.25,-2.5
31,57,3,1,3.75,1.25,-2.5
31,58,7,2,8.75,2.5,-6.25
31,59,4,5,5.0,6.25,1.25
31,60,3,5,3.75,6.25,2.5
31,61,5,2,6.25,2.5,-3.75
31,62,5,2,6.25,2.5,-3.75
31,63,1,5,1.25,6.25,5.0
31,64,4,0,5.0,0.0,-5.0
31,65,4,1,5.0,1.25,-3.75
31,66,7,6,8.75,7.5,-1.25
31,67,6,3,7.5,3.75,-3.75
31,68,1,8,1.25,10.0,8.75
31,69,2,5,2.5,6.25,3.75
31,70,2,4,2.5,5.0,2.5
31,71,4,3,5.0,3.75,-1.25
31,72,3,0,3.75,0.0,-3.75
31,73,2,2,2.5,2.5,0.0
31,74,3,5,3.75,6.25,2.5
31,75,5,2,6.25,2.5,-3.75
31,76,2,8,2.5,10.0,7.5
31,77,1,0,1.25,0.0,-1.25
31,78,5,3,6.25,3.75,-2.5
31,79,2,2,2.5,2.5,0.0
31,80,2,2,2.5,2.5,0.0
31,81,0,9,0.0,11.25,11.25
31,82,4,2,5.0,2.5,-2.5
31,83,6,3,7.5,3.75,-3.75
31,84,5,4,6.25,5.0,-1.25
31,85,4,4,5.0,5.0,0.0
31,86,0,3,0.0,3.75,3.75
31,87,7,5,8.75,6.25,-2.5
31,88,4,1,5.0,1.25,-3.75
31,89,4,4,5.0,5.0,0.0
31,90,6,2,7.5,2.5,-5.0
31,91,8,4,10.0,5.0,-5.0
31,92,2,2,2.5,2.5,0.0
31,93,5,4,6.25,5.0,-1.25
31,94,2,5,2.5,6.25,3.75
31,95,3,3,3.75,3.75,0.0
31,96,6,4,7.5,5.0,-2.5
31,97,7,3,8.75,3.75,-5.0
31,98,1,3,1.25,3.75,2.5
31,99,3,4,3.75,5.0,1.25
31,100,1,4,1.25,5.0,3.75
31,101,2,4,2.5,5.0,2.5
31,102,1,4,1.25,5.0,3.75
31,103,3,3,3.75,3.75,0.0
31,104,0,2,0.0,2.5,2.5
31,105,6,4,7.5,5.0,-2.5
31,106,3,4,3.75,5.0,1.25
31,107,5,3,6.25,3.75,-2.5
32,0,5,11,6.25,13.75,7.5
32,1,10,6,12.5,7.5,-5.0
32,2,4,9,5.0,11.25,6.25
32,3,5,5,6.25,6.25,0.0
32,4,5,6,6.25,7.5,1.25
32,5,6,8,7.5,10.0,2.5
32,6,7,7,8.75,8.75,0.0
32,7,6,10,7.5,12.5,5.0
32,8,4,7,5.0,8.75,3.75
32,9,6,8,7.5,10.0,2.5
32,10,10,8,12.5,10.0,-2.5
32,11,7,3,8.75,3.75,-5.0
32,12,4,6,5.0,7.5,2.5
32,13,11,6,13.75,7.5,-6.25
32,14,10,3,12.5,3.75,-8.75
32,15,2,6,2.5,7.5,5.0
32,16,5,3,6.25,3.75,-2.5
32,17,3,9,3.75,11.25,7.5
32,18,7,6,8.75,7.5,-1.25
32,19,4,11,5.0,13.75,8.75
32,20,4,7,5.0,8.75,3.75
32,21,4,8,5.0,10.0,5.0
32,22,10,7,12.5,8.75,-3.75
32,23,5,8,6.25,10.0,3.75
32,24,7,5,8.75,6.25,-2.5
32,25,6,9,7.5,11.25,3.75
32,26,5,12,6.25,15.0,8.75
32,27,10,7,12.5,8.75,-3.75
32,28,7,15,8.75,18.75,10.0
32,29,2,14,2.5,17.5,15.0
32,30,4,8,5.0,10.0,5.0
32,31,6,6,7.5,7.5,0.0
32,32,4,4,5.0,5.0,0.0
32,33,9,9,11.25,11.25,0.0
32,34,6,4,7.5,5.0,-2.5
32,35,4,3,5.0,3.75,-1.25
32,36,5,10,6.25,12.5,6.25
32,37,6,8,7.5,10.0,2.5
32,38,7,11,8.75,13.75,5.0
32,39,3,7,3.75,8.75,5.0
32,40,3,9,3.75,11.25,7.5
32,41,6,7,7.5,8.75,1.25
32,42,5,6,6.25,7.5,1.25
32,43,8,12,10.0,15.0,5.0
32,44,7,7,8.75,8.75,0.0
32,45,9,10,11.25,12.5,1.25
32,46,4,11,5.0,13.75,8.75
32,47,3,7,3.75,8.75,5.0
32,48,8,8,10.0,10.0,0.0
32,49,6,11,7.5,13.75,6.25
32,50,8,9,10.0,11.25,1.25
32,51,4,5,5.0,6.25,1.25
32,52,6,8,7.5,10.0,2.5
32,53,6,3,7.5,3.75,-3.75
32,54,3,10,3.75,12.5,8.75
32,55,4,9,5.0,11.25,6.25
32,56,9,3,11.25,3.75,-7.5
32,57,7,2,8.75,2.5,-6.25
32,58,11,5,13.75,6.25,-7.5
32,59,4,5,5.0,6.25,1.25
32,60,3,9,3.75,11.25,7.5
32,61,12,5,15.0,6.25,-8.75
32,62,7,9,8.75,11.25,2.5
32,63,7,4,8.75,5.0,-3.75
32,64,5,6,6.25,7.5,1.25
32,65,6,5,7.5,6.25,-1.25
32,66,2,6,2.5,7.5,5.0
32,67,9,4,11.25,5.0,-6.25
32,68,3,6,3.75,7.5,3.75
32,69,5,13,6.25,16.25,10.0
32,70,9,6,11.25,7.5,-3.75
32,71,6,12,7.5,15.0,7.5
32,72,10,9,12.5,11.25,-1.25
32,73,2,3,2.5,3.75,1.25
32,74,3,5,3.75,6.25,2.5
32,75,4,7,5.0,8.75,3.75
32,76,5,6,6.25,7.5,1.25
32,77,6,3,7.5,3.75,-3.75
32,78,4,7,5.0,8.75,3.75
32,79,4,7,5.0,8.75,3.75
32,80,11,7,13.75,8.75,-5.0
32,81,4,5,5.0,6.25,1.25
32,82,9,8,11.25,10.0,-1.25
32,83,5,8,6.25,10.0,3.75
32,84,4,11,5.0,13.75,8.75
32,85,6,6,7.5,7.5,0.0
32,86,6,4,7.5,5.0,-2.5
32,87,6,11,7.5,13.75,6.25
32,88,7,8,8.75,10.0,1.25
32,89,4,9,5.0,11.25,6.25
32,90,5,8,6.25,10.0,3.75
32,91,4,7,5.0,8.75,3.75
32,92,10,5,12.5,6.25,-6.25
32,93,3,6,3.75,7.5,3.75
32,94,6,8,7.5,10.0,2.5
32,95,4,2,5.0,2.5,-2.5
32,96,9,2,11.25,2.5,-8.75
32,97,5,6,6.25,7.5,1.25
32,98,7,4,8.75,5.0,-3.75
32,99,6,3,7.5,3.75,-3.75
32,100,5,5,6.25,6.25,0.0
32,101,9,4,11.25,5.0,-6.25
32,102,11,4,13.75,5.0,-8.75
32,103,6,10,7.5,12.5,5.0
32,104,1,0,1.25,0.0,-1.25
32,105,7,9,8.75,11.25,2.5
32,106,6,4,7.5,5.0,-2.5
32,107,7,9,8.75,11.25,2.5
