unit_id,electrodes,clusterID_orig,waveforms_mean_snr,waveforms_peak_snr,waveforms_isolation_distance,spike_count,finite_spikes,increasing_spikes,active_trials,enough_activity,keep,electrode_index,region
0,"       x    y  ...  group_name origChannel
id             ...                        
0  -23.8 -6.3  ...      micros        17.0

[1 rows x 8 columns]",908.0,1.0355497977546628,4.539687580304591,23.515031609067126,584,True,True,103,True,True,,
1,"       x    y  ...  group_name origChannel
id             ...                        
0  -23.8 -6.3  ...      micros        17.0

[1 rows x 8 columns]",880.0,2.4013035772526607,8.722525533920328,53.28927426301758,216,True,True,74,True,True,,
2,"       x    y  ...  group_name origChannel
id             ...                        
1  -23.8 -6.3  ...      micros        18.0

[1 rows x 8 columns]",2137.0,2.049013588934194,7.858731675131256,23.967865937264946,1629,True,True,107,True,True,,
3,"       x    y  ...  group_name origChannel
id             ...                        
1  -23.8 -6.3  ...      micros        18.0

[1 rows x 8 columns]",2268.0,0.9934137638078596,5.513021471669826,692.4803761475341,3434,True,True,107,True,True,,
4,"       x    y  ...  group_name origChannel
id             ...                        
1  -23.8 -6.3  ...      micros        18.0

[1 rows x 8 columns]",1972.0,0.7203064585426006,4.213072560819931,7.300747403204642,418,True,True,103,True,True,,
5,"       x    y  ...  group_name origChannel
id             ...                        
1  -23.8 -6.3  ...      micros        18.0

[1 rows x 8 columns]",2260.0,1.0306671089988193,3.756398181489345,12.199610572391432,734,True,True,105,True,True,,
6,"       x    y  ...  group_name origChannel
id             ...                        
2  -23.8 -6.3  ...      micros        19.0

[1 rows x 8 columns]",480.0,4.736050461500645,20.318105941926337,562.5053033501033,1163,True,True,94,True,True,,
7,"       x    y  ...  group_name origChannel
id             ...                        
2  -23.8 -6.3  ...      micros        19.0

[1 rows x 8 columns]",649.0,1.199910552626731,4.787158199169574,292.0895698441531,1011,True,True,103,True,True,,
8,"       x    y  ...  group_name origChannel
id             ...                        
3  -23.8 -6.3  ...      micros        21.0

[1 rows x 8 columns]",2249.0,1.4625750813846017,5.795855485499212,9.30194322225735,1355,True,True,107,True,True,,
9,"       x    y  ...  group_name origChannel
id             ...                        
3  -23.8 -6.3  ...      micros        21.0

[1 rows x 8 columns]",2272.0,0.8539176576988864,4.067864008860173,,10273,True,True,107,True,True,,
10,"       x    y  ...  group_name origChannel
id             ...                        
4  -23.8 -6.3  ...      micros        22.0

[1 rows x 8 columns]",528.0,1.2009447773075006,4.137208175416723,32.350249979057786,630,True,True,101,True,True,,
11,"       x    y  ...  group_name origChannel
id             ...                        
5  -23.8 -6.3  ...      micros        23.0

[1 rows x 8 columns]",728.0,1.1164756404748977,5.29004411797993,56.64581174893012,305,True,True,79,True,True,,
12,"       x    y  ...  group_name origChannel
id             ...                        
5  -23.8 -6.3  ...      micros        23.0

[1 rows x 8 columns]",969.0,1.3647272447813674,5.534188325262898,130.86172964445274,1147,True,True,106,True,True,,
13,"       x    y  ...  group_name origChannel
id             ...                        
5  -23.8 -6.3  ...      micros        23.0

[1 rows x 8 columns]",984.0,2.198997082443063,8.205488703256664,11.924224364471733,206,True,True,74,True,True,,
14,"       x    y  ...  group_name origChannel
id             ...                        
5  -23.8 -6.3  ...      micros        23.0

[1 rows x 8 columns]",886.0,3.762302939381147,13.610146456192549,54.28226618382208,413,True,True,89,True,True,,
15,"       x    y  ...  group_name origChannel
id             ...                        
6  -23.8 -6.3  ...      micros        24.0

[1 rows x 8 columns]",1302.0,2.008891025110825,7.86943862803858,11.445367573570724,395,True,True,86,True,True,,
16,"       x    y  ...  group_name origChannel
id             ...                        
6  -23.8 -6.3  ...      micros        24.0

[1 rows x 8 columns]",1560.0,1.238635097183114,4.661706956083724,10.618135548106409,1164,True,True,107,True,True,,
17,"       x    y  ...  group_name origChannel
id             ...                        
6  -23.8 -6.3  ...      micros        24.0

[1 rows x 8 columns]",1404.0,0.6688678937471499,3.28735257621018,11.61338872688911,1295,True,True,106,True,True,,
18,"       x    y  ...  group_name origChannel
id             ...                        
6  -23.8 -6.3  ...      micros        24.0

[1 rows x 8 columns]",1564.0,0.9578783051507868,4.095074502717357,,6651,True,True,107,True,True,,
19,"       x    y  ...  group_name origChannel
id             ...                        
7   19.0 -5.8  ...      micros        25.0

[1 rows x 8 columns]",3252.0,0.8992997980634467,4.596029614614649,7.255122939559136,577,True,True,103,True,True,,
20,"       x    y  ...  group_name origChannel
id             ...                        
7   19.0 -5.8  ...      micros        25.0

[1 rows x 8 columns]",3217.0,3.0027194324125364,10.507050174363538,8.86809817052798,280,True,True,68,True,True,,
21,"       x    y  ...  group_name origChannel
id             ...                        
7   19.0 -5.8  ...      micros        25.0

[1 rows x 8 columns]",3233.0,1.819969050844439,5.365427307484701,7.7490050290449695,1159,True,True,107,True,True,,
22,"       x    y  ...  group_name origChannel
id             ...                        
7   19.0 -5.8  ...      micros        25.0

[1 rows x 8 columns]",3234.0,2.265924032312065,7.889473923518203,11.16524269707334,3965,True,True,107,True,True,,
23,"       x    y  ...  group_name origChannel
id             ...                        
8   19.0 -5.8  ...      micros        26.0

[1 rows x 8 columns]",1393.0,1.6438299965899519,5.492069595753252,15.76470579875597,1464,True,True,107,True,True,,
24,"       x    y  ...  group_name origChannel
id             ...                        
8   19.0 -5.8  ...      micros        26.0

[1 rows x 8 columns]",1433.0,4.350182582476046,16.23274445812228,142.27776260547037,625,True,True,99,True,True,,
25,"       x    y  ...  group_name origChannel
id             ...                        
9   19.0 -5.8  ...      micros        27.0

[1 rows x 8 columns]",833.0,1.2104999619332655,5.082327781335052,1202.4081430793935,156,True,True,74,True,True,,
26,"       x    y  ...  group_name origChannel
id             ...                        
9   19.0 -5.8  ...      micros        27.0

[1 rows x 8 columns]",653.0,2.1984354965478965,7.972362774570356,,1396,True,True,103,True,True,,
27,"       x    y  ...  group_name origChannel
id             ...                        
10  19.0 -5.8  ...      micros        28.0

[1 rows x 8 columns]",298.0,1.1945355522807188,5.096862331909595,60.48319079107438,306,True,True,90,True,True,,
28,"       x    y  ...  group_name origChannel
id             ...                        
11  19.0 -5.8  ...      micros        29.0

[1 rows x 8 columns]",268.0,1.169423130962246,5.090743926509575,61.29041358368273,318,True,True,95,True,True,,
29,"       x    y  ...  group_name origChannel
id             ...                        
12  19.0 -5.8  ...      micros        30.0

[1 rows x 8 columns]",497.0,1.1834184494712685,5.151500777822855,39.280154269753666,161,True,True,75,True,True,,
30,"       x    y  ...  group_name origChannel
id             ...                        
12  19.0 -5.8  ...      micros        30.0

[1 rows x 8 columns]",434.0,1.182374876948458,5.322436027518103,104.37815295748275,702,True,True,104,True,True,,
31,"       x    y  ...  group_name origChannel
id             ...                        
13  19.0 -5.8  ...      micros        31.0

[1 rows x 8 columns]",705.0,1.3166015881766717,5.0025256586035045,85.64932653737314,610,True,True,104,True,True,,
32,"       x    y  ...  group_name origChannel
id             ...                        
13  19.0 -5.8  ...      micros        31.0

[1 rows x 8 columns]",726.0,1.0490460308257896,4.805887554624382,20.557830326371878,338,True,True,98,True,True,,
33,"       x    y  ...  group_name origChannel
id             ...                        
14  19.0 -5.8  ...      micros        32.0

[1 rows x 8 columns]",574.0,0.9988560585423174,4.4928979794905555,20.635234741683774,313,True,True,93,True,True,,
34,"       x     y  ...  group_name origChannel
id              ...                        
15 -25.0 -16.2  ...      micros        36.0

[1 rows x 8 columns]",1100.0,1.8430951619173292,4.8883284174972195,7.413221089162966,208,True,True,60,True,True,,
35,"       x     y  ...  group_name origChannel
id              ...                        
16 -25.0 -16.2  ...      micros        37.0

[1 rows x 8 columns]",625.0,1.0047684075664474,3.22440614924376,25.991944384320277,482,True,True,100,True,True,,
36,"       x     y  ...  group_name origChannel
id              ...                        
16 -25.0 -16.2  ...      micros        37.0

[1 rows x 8 columns]",615.0,1.015241059767587,5.088064059930655,19.7772610968642,330,True,True,90,True,True,,
37,"       x     y  ...  group_name origChannel
id              ...                        
17 -25.0 -16.2  ...      micros        38.0

[1 rows x 8 columns]",612.0,1.695552910502522,3.924771582209269,6.060241718966645,213,True,True,66,True,True,,
38,"       x     y  ...  group_name origChannel
id              ...                        
18 -25.0 -16.2  ...      micros        39.0

[1 rows x 8 columns]",661.0,0.873886917568652,3.2193142862974327,34.94442149331431,598,True,True,102,True,True,,
39,"       x     y  ...  group_name origChannel
id              ...                        
19 -25.0 -16.2  ...      micros        40.0

[1 rows x 8 columns]",1096.0,2.0801372647729854,6.572188797321299,15.578064273797628,168,True,True,39,True,True,,
40,"      x     y  ...  group_name origChannel
id             ...                        
20 -4.0  16.4  ...      micros        52.0

[1 rows x 8 columns]",692.0,0.9172820782001005,3.0327115182599225,15.183070941495103,921,True,True,105,True,True,,
41,"      x     y  ...  group_name origChannel
id             ...                        
21 -4.0  16.4  ...      micros        54.0

[1 rows x 8 columns]",431.0,1.0107788835408766,3.1295025085192343,29.98419059493285,873,True,True,106,True,True,,
42,"      x     y  ...  group_name origChannel
id             ...                        
22 -4.0  16.4  ...      micros        56.0

[1 rows x 8 columns]",351.0,1.3525935402373406,4.637241812481393,17.83355792924795,357,True,True,89,True,True,,
