unit_id,min_isi_ms,short_isi_count,short_isi_fraction,baseline_zero_fraction,response_zero_fraction,max_baseline_count,max_response_count
0,1.8749999999272404,15,0.0017869907076483202,0.02962962962962963,0.037037037037037035,13,13
1,1.8749999999272404,14,0.0025491624180626364,0.014814814814814815,0.05185185185185185,12,10
2,4.93749999998272,0,0.0,0.43703703703703706,0.35555555555555557,5,7
3,2.2499999999752163,0,0.0,0.25925925925925924,0.34814814814814815,20,11
4,1.8749999999272404,60,0.005172859729287008,0.0,0.0,18,15
5,1.8750000000409273,3,0.001876172607879925,0.562962962962963,0.5037037037037037,6,7
6,1.8749999999840838,2,0.0010498687664041995,0.3851851851851852,0.4148148148148148,7,6
7,9.343749999999318,0,0.0,0.28888888888888886,0.2740740740740741,11,18
8,1.8749999999272404,6,0.0007721014026508815,0.02962962962962963,0.06666666666666667,16,15
9,1.874000000043452,36,0.0028222013170272815,0.007407407407407408,0.007407407407407408,18,15
10,1.8749999999840838,3,0.0006257822277847309,0.037037037037037035,0.022222222222222223,7,10
11,1.8749999999272404,22,0.003060230908332174,0.007407407407407408,0.014814814814814815,14,11
12,2.124999999978172,0,0.0,0.3851851851851852,0.362962962962963,4,5
13,1.8750000000409273,10,0.0016038492381716118,0.037037037037037035,0.08148148148148149,13,9
14,1.8750000000409273,1,0.0011806375442739079,0.6666666666666666,0.6666666666666666,6,4
15,1.8750000000409273,7,0.0017228648781688408,0.1037037037037037,0.17037037037037037,11,9
16,2.3437500000227374,0,0.0,0.3333333333333333,0.3851851851851852,5,4
17,1.8750000000409273,2,0.0004906771344455348,0.0962962962962963,0.07407407407407407,9,9
18,1.9062499999904503,1,0.00016302575806977502,0.044444444444444446,0.02962962962962963,13,10
19,1.8749999999272404,4,0.00099601593625498,0.06666666666666667,0.1037037037037037,8,7
20,1.8749999999272404,2,0.00040766408479412964,0.15555555555555556,0.0962962962962963,13,17
21,7.3749999999108695,0,0.0,0.8888888888888888,0.837037037037037,2,2
22,1.9999999999527063,1,0.001026694045174538,0.6370370370370371,0.5851851851851851,4,4
23,5.593749999974307,0,0.0,0.8,0.8148148148148148,3,3
24,3.4062500000118234,0,0.0,0.0,0.0,28,25
25,3.031249999935426,0,0.0,0.7851851851851852,0.6,2,3
26,1.8749999999272404,10,0.002008838891120932,0.037037037037037035,0.05185185185185185,9,7
27,1.8750000000409273,4,0.0006865774116031583,0.044444444444444446,0.05925925925925926,11,14
28,1.8749999999272404,5,0.0018228217280349982,0.23703703703703705,0.1925925925925926,8,6
29,3.1875000000241016,0,0.0,0.7555555555555555,0.6,3,3
30,1.8749999999272404,1,0.000646830530401035,0.3851851851851852,0.4666666666666667,6,5
31,1.8749999999840838,1,0.000946073793755913,0.4740740740740741,0.37777777777777777,4,4
32,1.8749999999272404,5,0.0018587360594795538,0.18518518518518517,0.1037037037037037,5,5
33,1.8749999999982947,5,0.003599712023038157,0.42962962962962964,0.32592592592592595,5,5
34,1.8750000000409273,2,0.0008153281695882593,0.3037037037037037,0.17037037037037037,6,5
35,1.8749999999272404,23,0.0038218677301429045,0.07407407407407407,0.07407407407407407,9,12
36,1.9374999999399733,2,0.0010723860589812334,0.2074074074074074,0.25925925925925924,6,5
37,2.187499999990905,0,0.0,0.7481481481481481,0.6888888888888889,6,6
38,1.8749999999272404,8,0.0014524328249818446,0.037037037037037035,0.05185185185185185,10,10
39,1.8750000000409273,6,0.001721664275466284,0.1037037037037037,0.1037037037037037,9,7
40,7.562499999949068,0,0.0,0.837037037037037,0.8296296296296296,4,2
41,1.8749999999840838,4,0.0015698587127158557,0.37777777777777777,0.24444444444444444,10,7
42,1.8749999999272404,4,0.0020050125313283208,0.34074074074074073,0.25925925925925924,5,6
43,1.8749999999272404,5,0.0034083162917518746,0.45925925925925926,0.362962962962963,6,4
44,1.8749999999272404,2,0.002178649237472767,0.5481481481481482,0.5259259259259259,3,3
45,2.156250000041382,0,0.0,0.6148148148148148,0.5925925925925926,3,4
46,1.8749999999272404,2,0.0014749262536873156,0.45925925925925926,0.4,5,4
47,1.8750000000409273,1,0.00037893141341417203,0.37037037037037035,0.3333333333333333,12,16
48,1.8749999999272404,18,0.001690299558644004,0.02962962962962963,0.014814814814814815,16,18
49,1.8749999999272404,4,0.0010819583446037328,0.14814814814814814,0.2222222222222222,12,10
