file_name,subject_id,session_id,pic_id,n_trials
sub-1_ses-2_ecephys+image.nwb,1,2,1,28
sub-1_ses-2_ecephys+image.nwb,1,2,2,26
sub-1_ses-2_ecephys+image.nwb,1,2,3,27
sub-1_ses-2_ecephys+image.nwb,1,2,4,27
sub-1_ses-2_ecephys+image.nwb,1,2,5,27
sub-11_ses-2_ecephys+image.nwb,11,2,1,28
sub-11_ses-2_ecephys+image.nwb,11,2,2,26
sub-11_ses-2_ecephys+image.nwb,11,2,3,27
sub-11_ses-2_ecephys+image.nwb,11,2,4,27
sub-11_ses-2_ecephys+image.nwb,11,2,5,27
sub-20_ses-2_ecephys+image.nwb,20,2,1,28
sub-20_ses-2_ecephys+image.nwb,20,2,2,26
sub-20_ses-2_ecephys+image.nwb,20,2,3,27
sub-20_ses-2_ecephys+image.nwb,20,2,4,27
sub-20_ses-2_ecephys+image.nwb,20,2,5,27
sub-21_ses-2_ecephys+image.nwb,21,2,1,28
sub-21_ses-2_ecephys+image.nwb,21,2,2,26
sub-21_ses-2_ecephys+image.nwb,21,2,3,27
sub-21_ses-2_ecephys+image.nwb,21,2,4,27
sub-21_ses-2_ecephys+image.nwb,21,2,5,27
