trial_id,trial_start,trial_stop,fixation,encoding_onset,encoding_end,finite_times,event_order,baseline_covered,response_covered,keep
0,230.14087625,240.21015325,230.14087625,231.29565624999998,232.79840625,True,True,True,True,True
1,240.24440324999998,250.03996124999998,240.24440324999998,241.33340224999998,242.83643325,True,True,True,True,True
2,250.06080525,260.17358225,250.06080525,251.16474225,252.66824225,True,True,True,True,True
3,260.19395725,269.26826625,260.19395725,261.28283225,262.78551925,True,True,True,True,True
4,269.29395425,277.49973224999997,269.29395425,270.31898524999997,271.82295325,True,True,True,True,True
5,277.52716925,285.36376025,277.52716925,278.62291925,280.12660625,True,True,True,True,True
6,285.39366624999997,293.75531925,285.39366624999997,286.48079125,287.98375925,True,True,True,True,True
7,293.77694425,305.02881425,293.77694425,294.94063124999997,296.44347425,True,True,True,True,True
8,305.06003325,315.21031024999996,305.06003325,306.19678325,307.70009525,True,True,True,True,True
9,315.24321725,323.26418225,315.24321725,316.33968525,317.84302825,True,True,True,True,True
10,323.29312024999996,329.68961724999997,323.29312024999996,324.44055725,325.94358725,True,True,True,True,True
11,329.70964825,336.51467725,329.70964825,330.73183524999996,332.23708525,True,True,True,True,True
12,336.54298925,342.82814325,336.54298925,337.57417625,339.07773825,True,True,True,True,True
13,342.85942424999996,354.64013825,342.85942424999996,343.93258025,345.43601724999996,True,True,True,True,True
14,354.65923225,365.74882125,354.65923225,355.68226325,357.18638725,True,True,True,True,True
15,365.77579025,371.99844425,365.77579025,366.88054024999997,368.38397625,True,True,True,True,True
16,372.02566225,378.15222224999997,372.02566225,373.09391224999996,374.59688024999997,True,True,True,True,True
17,378.17572225,384.64156425,378.17572225,379.33459725,380.83759625,True,True,True,True,True
18,384.67556425,394.82315324999996,384.67556425,385.73353225,387.23687524999997,True,True,True,True,True
19,394.84206025,403.03877524999996,394.84206025,395.93940325,397.44293425,True,True,True,True,True
20,403.05849424999997,412.78889625,403.05849424999997,404.11383724999996,405.61643025,True,True,True,True,True
21,412.80845925,422.71486124999996,412.80845925,413.89430224999995,415.39727024999996,True,True,True,True,True
22,422.74164225,429.79548324999996,422.74164225,423.89704824999995,425.40004725,True,True,True,True,True
23,429.82488924999996,438.52263625,429.82488924999996,430.99842025,432.50141924999997,True,True,True,True,True
24,438.55797924999996,444.67629024999997,438.55797924999996,439.60579225,441.10932225,True,True,True,True,True
25,444.70791525,454.28241125,444.70791525,445.73638324999996,447.23925725,True,True,True,True,True
26,454.30787925,475.69993324999996,454.30787925,455.33606725,456.83941024999996,True,True,True,True,True
27,475.72415225,483.67561824999996,475.72415225,476.76693324999997,478.26990125,True,True,True,True,True
28,483.70733624999997,489.73352124999997,483.70733624999997,484.76608625,486.26952324999996,True,True,True,True,True
29,489.75724025,497.72533124999995,489.75724025,490.84355224999996,492.34695825,True,True,True,True,True
30,497.75711225,508.35367025,497.75711225,498.94336124999995,500.44645525,True,True,True,True,True
31,508.37360824999996,515.9937612499999,508.37360824999996,509.47667025,510.97932525,True,True,True,True,True
32,516.02354225,524.02069525,516.02354225,517.08479225,518.58816625,True,True,True,True,True
33,524.04010125,530.12644325,524.04010125,525.04803925,526.5517572499999,True,True,True,True,True
34,530.15666125,540.58181425,530.15666125,531.22316125,532.72578525,True,True,True,True,True
35,540.60662625,546.87528025,540.60662625,541.78443825,543.28759425,True,True,True,True,True
36,546.90637325,554.7723082499999,546.90637325,547.96652925,549.4693102499999,True,True,True,True,True
37,554.80633925,560.98977425,554.80633925,555.94727625,557.45083825,True,True,True,True,True
38,561.02289925,570.89927025,561.02289925,562.13521125,563.63805425,True,True,True,True,True
39,570.92273925,578.90701725,570.92273925,571.97658225,573.47986325,True,True,True,True,True
40,578.93932925,589.05645025,578.93932925,579.91942325,581.42248525,True,True,True,True,True
41,589.08907525,596.99035325,589.08907525,590.2443872499999,591.74741825,True,True,True,True,True
42,597.02232225,606.54853725,597.02232225,598.02994725,599.53300925,True,True,True,True,True
43,606.57222525,614.7800022499999,606.57222525,607.56781825,609.0704422499999,True,True,True,True,True
44,614.8053152499999,621.3810942499999,614.8053152499999,615.83022125,617.33306425,True,True,True,True,True
45,621.4054062499999,627.4548102499999,621.4054062499999,622.40146825,623.9051862499999,True,True,True,True,True
46,627.48874725,635.51543225,627.48874725,628.67868425,630.18209025,True,True,True,True,True
47,635.53852525,641.7170542499999,635.53852525,636.6896812499999,638.19286825,True,True,True,True,True
48,641.7383982499999,650.09239525,641.7383982499999,642.85299125,644.35617825,True,True,True,True,True
49,650.12173825,656.82145425,650.12173825,651.2433942499999,652.74711225,True,True,True,True,True
50,656.85486125,666.49145025,656.85486125,657.99036025,659.4931722499999,True,True,True,True,True
51,666.52126325,674.56316625,666.52126325,667.6171382499999,669.11998125,True,True,True,True,True
52,674.5879162499999,684.02553725,674.5879162499999,675.57132225,677.07488425,True,True,True,True,True
53,684.05447525,690.30691025,684.05447525,685.1176302499999,686.62041125,True,True,True,True,True
54,690.33762825,698.3945632499999,690.33762825,691.38806525,692.89081525,True,True,True,True,True
55,698.4209062499999,706.40218425,698.4209062499999,699.4653432499999,700.9684992499999,True,True,True,True,True
56,706.42134125,714.45771225,706.42134125,707.38265325,708.8860902499999,True,True,True,True,True
57,714.48733725,720.7512722499999,714.48733725,715.6069622499999,717.11230525,True,True,True,True,True
58,720.7705542499999,730.53317525,720.7705542499999,721.81883525,723.3224282499999,True,True,True,True,True
59,730.5536442499999,736.8307032499999,730.5536442499999,731.58851825,733.0926422499999,True,True,True,True,True
60,736.85361025,747.0621062499999,736.85361025,737.82298425,739.32648425,True,True,True,True,True
61,747.08673125,757.54722625,747.08673125,748.21666825,749.72019825,True,True,True,True,True
62,757.56997625,764.37228625,757.56997625,758.60510125,760.10810025,True,True,True,True,True
63,764.40319225,770.30197125,764.40319225,765.38234825,766.8860042499999,True,True,True,True,True
64,770.33640925,776.67937525,770.33640925,771.46087725,772.96434525,True,True,True,True,True
65,776.70293725,786.22149625,776.70293725,777.70759325,779.2104362499999,True,True,True,True,True
66,786.25284025,792.2790562499999,786.25284025,787.33718325,788.84065125,True,True,True,True,True
67,792.30286925,802.49252125,792.30286925,793.29224325,794.7956802499999,True,True,True,True,True
68,854.72868725,862.81321525,854.72868725,855.7876562499999,857.2909992499999,True,True,True,True,True
69,862.8350282499999,868.8710572499999,862.8350282499999,863.92184025,865.4245892499999,True,True,True,True,True
70,868.9016822499999,876.2714912499999,868.9016822499999,870.00843125,871.51139925,True,True,True,True,True
71,876.30158525,884.15133225,876.30158525,877.2578032499999,878.76089625,True,True,True,True,True
72,884.1848632499999,890.41695425,884.1848632499999,885.24311325,886.74620625,True,True,True,True,True
73,890.45145425,900.29485725,890.45145425,891.49651625,892.99998525,True,True,True,True,True
74,900.31788825,908.60635325,900.31788825,901.28438725,902.78801225,True,True,True,True,True
75,908.63454125,919.5711612499999,908.63454125,909.72760325,911.2301652499999,True,True,True,True,True
76,919.60091125,930.72753225,919.60091125,920.54272325,922.04584825,True,True,True,True,True
77,930.75071925,938.7193102499999,930.75071925,931.85021925,933.35265625,True,True,True,True,True
78,938.7506542499999,946.63121325,938.7506542499999,939.79696625,941.30052825,True,True,True,True,True
79,946.6505882499999,956.90858425,946.6505882499999,947.78768125,949.2908992499999,True,True,True,True,True
80,956.93380325,965.4757992499999,956.93380325,957.91011525,959.41277025,True,True,True,True,True
81,965.50026825,973.91507725,965.50026825,966.52423625,968.02742325,True,True,True,True,True
82,973.95014025,982.56210525,973.95014025,975.0709832499999,976.57420125,True,True,True,True,True
83,982.58329225,990.4259452499999,982.58329225,983.5627922499999,985.06579125,True,True,True,True,True
84,990.4498522499999,998.70531725,990.4498522499999,991.51750725,993.0210072499999,True,True,True,True,True
85,998.7331302499999,1008.32709425,998.7331302499999,999.91247325,1001.4160042499999,True,True,True,True,True
86,1008.3496262499999,1014.83252925,1008.3496262499999,1009.4515322499999,1010.9546252499999,True,True,True,True,True
87,1014.86621725,1022.88824525,1014.86621725,1015.86581025,1017.3693412499999,True,True,True,True,True
88,1022.9162142499999,1029.42558625,1022.9162142499999,1023.9686822499999,1025.4722132499999,True,True,True,True,True
89,1029.44943025,1037.31845825,1029.44943025,1030.5102112499999,1032.01358525,True,True,True,True,True
90,1037.34917725,1047.26007925,1037.34917725,1038.4346142499999,1039.93845725,True,True,True,True,True
91,1047.28239125,1056.13066925,1047.28239125,1048.47748525,1049.98070325,True,True,True,True,True
92,1056.16563825,1062.0285422499999,1056.16563825,1057.22441925,1058.72713725,True,True,True,True,True
93,1062.04897925,1071.5386322499999,1062.04897925,1063.16376025,1064.66672825,True,True,True,True,True
94,1071.56560025,1079.49825325,1071.56560025,1072.55841225,1074.06147425,True,True,True,True,True
95,1079.5319722499999,1089.5038742499999,1079.5319722499999,1080.69847225,1082.20203425,True,True,True,True,True
96,1089.5318742499999,1095.99312225,1089.5318742499999,1090.62490525,1092.12771725,True,True,True,True,True
97,1096.0149972499999,1101.95499425,1096.0149972499999,1096.9944962499999,1098.49771525,True,True,True,True,True
98,1101.98158825,1107.7409922499999,1101.98158825,1102.98196325,1104.48465025,True,True,True,True,True
99,1107.76477325,1115.60470825,1107.76477325,1108.70386725,1110.20733525,True,True,True,True,True
100,1115.63136425,1125.35454725,1115.63136425,1116.70392625,1118.20692525,True,True,True,True,True
101,1125.3812042499999,1133.16429425,1125.3812042499999,1126.36082825,1127.86376525,True,True,True,True,True
102,1133.19782625,1140.59660425,1133.19782625,1134.22085625,1135.72410625,True,True,True,True,True
103,1140.63104125,1150.6821942499998,1140.63104125,1141.61007225,1143.1135092499999,True,True,True,True,True
104,1150.71419425,1160.81562725,1150.71419425,1151.91625625,1153.41941125,True,True,True,True,True
105,1160.8473462499999,1168.75924925,1160.8473462499999,1161.77750225,1163.28006425,True,True,True,True,True
106,1168.7806242499998,1176.71908925,1168.7806242499998,1169.87040525,1171.37359225,True,True,True,True,True
107,1176.74718325,1185.7496792499999,1176.74718325,1177.78674525,1179.28902625,True,True,True,True,True
108,1185.78033625,1192.09505225,1185.78033625,1186.89930425,1188.40174125,True,True,True,True,True
109,1192.13020825,1201.58904825,1192.13020825,1193.1520202499999,1194.65548825,True,True,True,True,True
110,1201.61345425,1207.56679625,1201.61345425,1202.5708292499999,1204.07417225,True,True,True,True,True
111,1207.5966712499999,1215.3187612499999,1207.5966712499999,1208.71051425,1210.21354525,True,True,True,True,True
112,1215.34666825,1221.47219625,1215.34666825,1216.48182325,1217.98547925,True,True,True,True,True
113,1221.49657125,1227.13031925,1221.49657125,1222.46341525,1223.96678925,True,True,True,True,True
114,1227.16313225,1237.10412825,1227.16313225,1228.10863125,1229.61197425,True,True,True,True,True
115,1237.12953425,1246.8698112499999,1237.12953425,1238.1643152499998,1239.66803325,True,True,True,True,True
116,1246.89615525,1256.41199525,1246.89615525,1247.8463112499999,1249.34946625,True,True,True,True,True
117,1256.44602625,1262.42161725,1256.44602625,1257.6187762499999,1259.12211925,True,True,True,True,True
118,1262.44593025,1270.31739625,1262.44593025,1263.4520862499999,1264.95480425,True,True,True,True,True
119,1270.34573925,1281.1701102499999,1270.34573925,1271.42323925,1272.92676925,True,True,True,True,True
120,1281.19557925,1289.11391925,1281.19557925,1282.24236025,1283.7451712499999,True,True,True,True,True
121,1289.1454502499998,1299.7268522499999,1289.1454502499998,1290.1519812499998,1291.65463725,True,True,True,True,True
122,1299.74569625,1305.9922562499999,1299.74569625,1300.74169625,1302.24460125,True,True,True,True,True
123,1306.01191225,1312.03384825,1306.01191225,1307.15547425,1308.6593182499998,True,True,True,True,True
124,1312.06187925,1321.87965625,1312.06187925,1313.1223472499998,1314.6255342499999,True,True,True,True,True
125,1321.9116872499999,1329.8873402499999,1321.9116872499999,1322.99334325,1324.4962182499999,True,True,True,True,True
126,1329.91162225,1340.0048992499999,1329.91162225,1331.00040225,1332.5039642499999,True,True,True,True,True
127,1340.02811825,1345.91883425,1340.02811825,1341.0605552499999,1342.5634922499999,True,True,True,True,True
128,1345.94470925,1351.81680025,1345.94470925,1347.0173022499998,1348.52014525,True,True,True,True,True
129,1351.84480025,1362.87745225,1351.84480025,1352.83711225,1354.34033125,True,True,True,True,True
130,1362.9110772499998,1373.2828232499999,1362.9110772499998,1363.96035825,1365.46385725,True,True,True,True,True
131,1373.31101025,1382.50563225,1373.31101025,1374.3973852499998,1375.90000925,True,True,True,True,True
132,1382.5275072499999,1392.27119025,1382.5275072499999,1383.64150625,1385.14466225,True,True,True,True,True
133,1392.29406525,1398.07306325,1392.29406525,1393.37331525,1394.8763462499999,True,True,True,True,True
134,1398.0939382499998,1407.6630902499999,1398.0939382499998,1399.10221925,1400.60471825,True,True,True,True,True
